Features,Type
"[-499.4247     112.08116    -49.807816   -18.21421     13.028867
  -26.15129    -14.420481     7.6037087  -11.387849    -9.128422
    4.6242223   -5.119436    -7.7287154   -3.538107    -7.979645 ]",belly_pain
"[-5.0324100e+02  1.5562462e+02 -5.3089634e+01 -9.3387537e+00
  1.8954021e+01 -3.0361124e+01 -1.0490327e+01 -1.9197921e-01
 -2.5778471e+01 -7.8774090e+00 -1.7375965e+00 -1.9827587e+01
 -6.8324337e+00 -5.2338133e+00 -1.8699984e+01]",belly_pain
"[-4.2670706e+02  1.5733188e+02 -5.2705971e+01 -1.4524200e+01
  1.1352674e+01 -3.7552837e+01 -1.5138313e+01  3.2016623e-01
 -2.4708117e+01 -1.0134473e+01 -3.3377779e+00 -2.0508154e+01
 -7.7402949e+00 -2.0978572e+00 -1.3885005e+01]",belly_pain
"[-389.0387     168.44524    -67.22318    -17.1263      13.631199
  -41.452286   -14.52358     -1.005277   -31.23903     -8.384931
    1.8402039  -22.669641   -11.450462    -3.4937093  -13.468182 ]",belly_pain
"[-317.4329     176.0357     -62.427364    -4.4671364   17.833765
  -48.702007   -19.13612     -3.0113065  -32.13648     -8.081997
   -0.9882554  -22.390026    -5.400581    -2.4472375  -16.219673 ]",belly_pain
"[-389.52472    148.90518    -72.82749     -8.710933    16.21002
  -44.57647     -8.785513     8.60778    -25.92463     -4.4064307
    5.3361564  -19.474684    -7.0738807   -0.5348297  -13.911309 ]",belly_pain
"[-395.50275    134.50542    -40.998844    -3.8517056   10.750525
  -36.928837   -15.562063    -5.3565793  -29.510025   -12.5372
   -5.1995583  -20.710413    -8.467151    -4.7369123  -13.243527 ]",belly_pain
"[-4.3381680e+02  9.3447205e+01  1.9128580e-01 -1.0415295e+01
 -4.0812230e+00 -1.8815041e+01 -1.6638805e+01 -1.0185335e+01
 -1.7012871e+01 -1.5683461e+01 -9.2018681e+00 -8.5248165e+00
 -5.5446229e+00 -4.7740679e+00 -7.7524772e+00]",belly_pain
"[-3.9530911e+02  1.2801906e+02 -4.7220932e+01  1.3578546e+00
  6.5307579e+00 -4.4836468e+01 -9.6786184e+00 -2.1405780e+00
 -3.2203331e+01 -7.5309701e+00 -2.1458068e+00 -2.2886612e+01
 -4.9304266e+00 -3.6874846e-01 -1.1760331e+01]",belly_pain
"[-252.29735    145.54683    -58.926727   -16.598593     3.672816
  -41.37368     -9.418192     4.132543   -18.737617     2.6173766
    3.883517   -17.873196    -3.2032547   -2.2949703  -16.613443 ]",belly_pain
"[-4.28394196e+02  1.48899994e+02 -6.93061905e+01 -1.50132751e+01
  2.89524632e+01 -3.86474495e+01 -2.55400772e+01  2.09238567e+01
  1.08425565e-01 -1.13243427e+01  6.51596844e-01 -5.36657906e+00
 -5.49113369e+00 -3.30675411e+00 -1.16715384e+01]",belly_pain
"[-436.1321     123.276924   -20.165434     7.376603    18.413662
  -22.705877    -4.551062     9.97417    -11.0640335   -5.1186724
   -3.7400324  -20.31255     -8.931104     1.5885366   -7.839134 ]",belly_pain
"[-417.36902    195.04312    -93.95171     -6.475128    26.089195
  -48.660007    -2.435213     9.719329   -35.364525    -4.4261103
    2.7510016  -24.888462    -1.3951501    2.4112105  -13.354465 ]",belly_pain
"[-402.05515    153.38995   -106.980034   -21.820833    25.608883
  -38.46013      1.3046598   20.323942   -27.275318    -7.4926333
   10.10996    -16.168648    -5.925752     2.5651865   -9.670086 ]",belly_pain
"[-364.82013    151.83423   -122.37543    -24.735775    22.686073
  -46.699913     4.784121    27.372377   -28.96865     -8.646142
   12.40917    -16.313059    -8.1347065    0.8131803   -8.486115 ]",belly_pain
"[-237.06866    148.7104    -146.33049     -1.1878089   44.94896
  -58.268803     1.4422549   29.391651   -38.799988   -12.181233
   16.826696   -12.095933    -4.450805    -2.1854963  -13.255462 ]",belly_pain
"[-240.35178   150.29214  -141.18556    -4.036984   32.094738  -57.226997
   12.983917   28.182755  -39.692856   -5.166047   13.103871  -16.985456
    4.057917    4.046511  -15.504323]",burping
"[-369.66095     131.35814     -64.99535      -1.4956933    32.630295
  -26.27733     -11.04282       6.547835    -15.4899025    -5.6750407
   -5.457773    -20.774527     -3.1948948     5.9936113    -0.90784174]",burping
"[-408.19205    194.77637    -78.1031      -9.677836    29.894154
  -36.336952    -4.136757    12.627181   -26.047985    -6.9563723
    1.4564124  -21.022255    -4.2599316   -1.1029402  -18.623451 ]",burping
"[-299.38684    113.741516   -60.026676    -8.988104    13.9781275
  -35.14554     -9.058964     9.514369   -17.278963    -6.393359
    2.8870406  -11.169768    -1.242465     3.6383011   -6.9133997]",burping
"[-250.58081    124.703926   -95.40761    -15.318602    26.263527
  -31.501694     2.9891622   20.561794   -20.940308    -7.332083
    4.3531685  -15.923689    -0.634357     9.661345    -5.2026825]",burping
"[-329.8263     132.71452    -60.038795    15.782447    28.34084
  -44.755657    -7.4374104   12.4455     -25.220762    -5.290347
    4.18296    -21.637316    -8.523001    -1.5672318  -14.606917 ]",burping
"[-217.8622     152.88904   -113.24161      2.6272593   44.18964
  -54.411148   -21.562319     6.9784274  -30.135326    -0.9940581
    8.832942   -24.644468    -2.5792754    8.910306   -12.982704 ]",burping
"[-357.5416     114.446686    -6.29728     -7.0751014   -3.1481748
  -27.212439   -17.21816    -11.222933   -20.574362    -9.971468
   -8.767772   -18.065388    -5.1366224    1.4969889   -7.2731514]",burping
"[-249.26164    151.83116    -70.89622    -20.618303     5.856903
  -42.14761     -6.5072546    7.811292   -23.150618    -3.9901075
    0.460563   -21.5825      -4.664401     4.2165937   -4.6769195]",discomfort
"[-395.8958     223.3184     -77.89734      2.4307284   28.456585
  -48.66755      1.8183928   13.783871   -37.131718    -8.686738
   -2.6039667  -31.49143     -6.455999    -3.6829722  -22.540787 ]",discomfort
"[-292.7018      138.58197     -85.35644      -2.0480652    25.566454
  -37.876583      3.5490851    16.177135    -22.82789       0.43547502
    4.424652    -18.469425      3.2562635     3.3583832   -17.15733   ]",discomfort
"[-397.12057     151.24698     -65.3862       -1.9316897    21.394293
  -41.003788     -8.806436      9.512873    -22.120045     -5.8556666
   -0.9723701   -20.062885     -3.3018153    -0.94783336  -16.60997   ]",discomfort
"[-282.3102     160.53085    -74.99476    -12.361572     9.302519
  -53.326862    -7.61478     17.113747   -23.065275    -7.295751
    5.052518   -16.139633    -4.1614323    2.078505    -9.968649 ]",discomfort
"[-2.2919627e+02  1.8452292e+02 -1.0828892e+02 -1.4289325e+01
  2.0538548e+01 -5.8186749e+01 -2.8924646e+00  2.2583151e+01
 -2.8227600e+01 -4.7864690e+00  8.6138859e+00 -1.8578119e+01
 -2.0013185e-01  6.4315405e+00 -1.0741934e+01]",discomfort
"[-329.16995    166.00903    -60.387753     4.649882    35.099358
  -26.683558    -1.1059785   13.831748   -15.326392    -3.0685408
   -6.182656   -22.941475    -2.0991695   -2.7064378  -16.172401 ]",discomfort
"[-261.82266    133.9421     -48.72611    -22.98885     10.235166
  -30.23888    -22.046753     1.9843563   -7.6275945   -3.8499663
    0.6347605   -6.176677     3.2364933    2.7406888  -12.125493 ]",discomfort
"[-2.0901395e+02  1.3517390e+02 -9.6577866e+01 -3.5985176e+01
  1.9111250e+01 -2.7771587e+01 -5.3058453e+00  1.6262741e+01
 -1.8051922e+01 -1.3374050e+01  2.9350703e+00 -7.0320673e+00
  1.5141317e-01  5.8836017e+00 -2.4954576e+00]",discomfort
"[-510.84457    196.45836    -75.56486     -7.9848833   26.393318
  -44.01078     -9.928473    12.963123   -21.784678    -4.53745
    1.3411471  -21.1206      -5.6167307   -3.1496575  -17.989216 ]",discomfort
"[-453.00937    164.61502    -55.73687      3.1925652   28.895462
  -30.12714     -3.5348861    5.7892365  -27.176735    -6.4789224
    0.813814   -19.616262    -5.5907693   -2.88317    -14.007661 ]",discomfort
"[-3.18401825e+02  1.67265411e+02 -1.01554756e+02  1.17820358e+01
  4.04468079e+01 -4.46605797e+01  6.02791882e+00  1.78633499e+01
 -3.11032696e+01  1.39957473e-01  7.23666382e+00 -1.57283964e+01
  9.25377941e+00  3.25468874e+00 -1.69121895e+01]",discomfort
"[-343.40988    190.79735     -8.8242235    5.0022063   23.80729
  -20.762417    -6.03358      9.240794   -12.550128     1.6795384
   13.080809    -8.075556    -2.8861847    6.6217837   -8.425029 ]",discomfort
"[-554.887      201.52206    -33.067265    12.458403    33.7799
  -36.273216    -9.164898    19.392721   -16.501038    -9.138971
    6.5185556  -13.419463    -8.126878     3.155011    -7.499127 ]",discomfort
"[-449.86368    179.8034      -8.296233   -33.4173       7.133553
   -1.1436955  -13.912196    -9.409626    -8.526536    -3.0109606
    1.415322    -5.1161833   -7.641587    -7.359199   -10.609774 ]",discomfort
"[-491.09457     126.16937      11.670261    -14.912604      3.7010727
    0.89781934   -7.3245325    -7.888811     -8.776422     -2.3406606
    7.2285843     4.678604     -3.321029     -6.389925     -7.369896  ]",discomfort
"[-381.44116     146.63887     -10.495204    -33.137245      0.82694507
  -11.264776    -27.964556    -16.047462     -5.0188684    -4.3411593
   -4.003534     -2.3503828    -1.0153958    -5.1494927   -11.585882  ]",discomfort
"[-439.31705    139.7884      -4.5819306  -32.67953      4.0469956
    9.012248    -5.2729764  -10.094882    -9.260915    -2.7900121
    3.0378194   -1.4675084   -6.8077416   -6.266506    -6.7874894]",discomfort
"[-3.6625320e+02  1.7890126e+02 -1.3865501e+01 -3.8928745e+01
  3.3070655e+00 -1.1883561e+01 -3.0555029e+01 -1.6021212e+01
 -3.8909600e+00 -2.3693564e+00 -2.9010878e+00 -3.2776937e+00
 -2.1936163e-01 -2.7397585e+00 -1.0887220e+01]",discomfort
"[-1.8835809e+02  1.8366656e+02 -7.1602501e+01 -1.8301363e+01
  3.1754141e+01 -2.4589691e+01 -2.0181525e+00  2.3683004e+01
 -1.4402419e+01 -1.3324274e+01 -5.8883667e-01 -1.9044991e+01
 -1.2617775e+01 -1.1998088e-01 -5.9269481e+00]",discomfort
"[-508.56964     128.72554     -80.36872      -0.73951334   25.477024
  -38.75971       3.0538018    22.611427    -21.480148     -5.3271384
    7.7075334   -15.234414     -3.1781507     3.0444753   -11.134632  ]",discomfort
"[-304.14453    137.53151    -48.086357   -12.27783      6.551328
  -37.877007    -6.8887396   14.617408   -13.80504     -5.997884
    2.7881424  -13.793764    -7.62851     -3.1676698  -13.908905 ]",discomfort
"[-586.2228     140.13278    -30.083899    10.935675    37.800827
  -11.388984     1.9459537   18.748575    -7.6612725   -1.5008662
    9.475217    -6.827534    -3.0518038    3.4582157   -7.2827497]",discomfort
"[-342.28952     120.055405   -104.5337      -23.813751     20.003834
  -38.48503       0.3832547    23.145548    -22.60326      -6.9257207
   15.74716     -10.293249    -10.96085      -0.99608094   -7.490691  ]",discomfort
"[-488.83807    138.60236    -45.34293    -12.816395    15.009723
  -30.035076    -9.013037    16.989832    -9.390695    -7.550331
    5.3753514   -9.947056    -8.919624    -0.5983858   -9.471881 ]",discomfort
"[-265.64914    134.41496    -96.22351    -19.94444     13.617352
  -42.273296     4.0972676   17.961351   -28.440104    -2.4514017
    9.944603   -24.12705     -6.7623506    9.201861   -11.651779 ]",discomfort
"[-226.19237    162.77248    -97.48634    -36.68519      5.28746
  -42.47751     -3.9570372    7.72804    -26.708061     1.3614122
    7.62329    -21.501377    -2.0809674    6.430484    -9.556706 ]",discomfort
"[-713.7978     165.8465     -55.063244     1.766715    22.625328
  -37.555202    -2.4812477   15.6122675  -17.896208    -1.1241977
    4.581656   -15.158373     2.282222     5.0913477  -11.831674 ]",hungry
"[-5.2343182e+02  1.3742322e+02 -1.8293631e+01  1.6314410e-02
  1.8337383e+01 -2.1331781e+01 -9.2188969e+00  9.8657312e+00
 -9.5529137e+00 -7.6192684e+00  9.8301935e-01 -1.1266932e+01
 -7.5624347e+00  2.7013212e-01 -9.6909151e+00]",hungry
"[-272.63913    159.18773   -119.38523    -13.6177635   34.552437
  -47.279827    -5.5130816   16.2045     -33.750713    -5.657876
   12.900755   -19.935583    -1.6478219   13.783229    -7.434593 ]",hungry
"[-207.56749    159.3339     -44.609962    -5.867236    14.069979
  -30.914085     4.537999    21.962362   -13.176929    -6.544196
   -1.0908064  -16.349878    -2.698675     1.7279724   -9.769921 ]",hungry
"[-301.9556     109.409225   -28.407911   -11.756661    11.044582
  -22.239416   -22.206156    -7.515072   -12.575789    -9.905396
   -8.55113    -11.174028    -1.6771806   -0.8571939   -5.793822 ]",hungry
"[-6.1032458e+02  1.4127507e+02 -4.8330952e+01 -1.9192837e+01
  1.0555733e+01 -2.6425142e+01 -8.8400965e+00  7.3523836e+00
 -9.7474785e+00  2.1713318e-01  2.7025278e+00 -1.1955194e+01
 -1.9001346e+00  1.9410594e+00 -5.0604439e+00]",hungry
"[-209.5394     189.15399    -90.8119     -19.802502    34.084705
  -25.481716    -5.0441585   -1.953798   -37.464466    -4.4670143
    5.975743   -27.539375   -11.454157     3.261291   -10.09465  ]",hungry
"[-364.89584     80.19566    -35.093002   -14.971578     6.184248
  -16.126644    -4.589623     6.5919485   -9.353189    -8.968859
   -4.0136747  -11.557344    -9.320244    -2.9090226   -2.7344327]",hungry
"[-477.60916     82.48408     -7.71933    -13.275761     2.8506236
   -6.807595    -9.236546    -7.0868363  -14.302997   -14.4733305
  -10.817253   -13.654937   -12.979086    -8.082828    -4.323411 ]",hungry
"[-3.4713361e+02  1.2974684e+02 -7.0256218e+01 -1.2317227e+01
  2.7131674e+01 -2.3233488e+01 -1.2800668e+01 -3.7662337e+00
 -2.0741428e+01 -1.2670715e+00 -6.8901193e-01 -1.7833704e+01
 -2.2021797e-01  1.7674177e+00 -1.3615548e+01]",hungry
"[-3.4623712e+02  9.9146049e+01 -4.1732052e+01 -1.7596292e+01
  1.6548286e+01 -9.1798687e+00 -1.3586516e+01 -1.0124360e+01
 -1.2912639e+01 -2.2351640e-01 -2.8216805e+00 -1.3529554e+01
 -9.3596977e-01  1.3353397e+00 -1.1519169e+01]",hungry
"[-3.5551810e+02  1.0250718e+02 -2.2443365e+01 -2.0114761e+01
  3.2047539e+00 -1.1499289e+01 -1.5113549e+01 -1.8549131e+01
 -2.1991034e+01 -4.0613723e+00 -1.8925713e-01 -1.3680908e+01
 -8.1763763e+00 -1.8909495e-01 -4.0664449e+00]",hungry
"[-435.50803    171.06548    -63.296772   -15.923956    18.010574
  -34.751972   -16.832134    -9.120608   -30.596395    -1.463888
    3.269572   -21.167578    -1.811921     1.4430209  -22.688234 ]",hungry
"[-325.78613    140.0314     -81.34475    -15.200344     7.0099196
  -59.783474   -13.059035    16.135086   -31.435717   -12.53293
   18.365767    -2.678096     2.0260842    9.444683   -13.725307 ]",hungry
"[-391.6087       89.35009     -46.164318      2.518554     26.69859
  -16.116976     -3.2671874     6.358576    -16.516216     -5.8547397
    2.0860436   -12.712957     -5.3236823     0.50580424   -9.516818  ]",hungry
"[-3.62487305e+02  1.07409424e+02 -4.59357986e+01  3.35560560e+00
  2.38617401e+01 -2.43885326e+01 -6.44916725e+00  8.85147095e+00
 -1.20744057e+01 -4.95211411e+00 -4.48527241e+00 -1.66897888e+01
 -2.81189179e+00 -7.16206878e-02 -1.15016899e+01]",hungry
"[-312.34537    148.15909    -62.69702    -20.657751    16.433802
  -33.658802   -25.27108     -5.388571   -10.238979     5.5492187
   -0.8488137  -18.060808     1.0576061    3.2783442  -13.144262 ]",hungry
"[-322.77902    177.25078    -52.4167       6.0253034   42.98498
  -18.108915     3.0697603   23.13739     -9.499683    -2.337695
    4.856551   -11.352725     1.0270896    5.70963     -7.2288804]",hungry
"[-228.45622    149.70334    -73.61504     -3.5735931   19.408236
  -40.89535      1.7249924   16.565737   -23.87448     -3.1227744
    3.3677323  -21.824694    -2.9116561    5.048083   -11.412691 ]",hungry
"[-530.67676    124.37608    -56.942043    -3.117542    11.088998
  -27.452604    12.159645    10.5050745  -20.542353     7.9917154
    6.904601   -14.743278     7.558011     4.350923   -14.50779  ]",hungry
"[-282.1546     145.62761    -69.74762    -17.87737     10.660626
  -37.285847    -5.4599214    7.255091   -25.585073   -10.442881
   -2.6671083  -15.710858     2.901949     7.794167    -2.4724967]",hungry
"[-250.16246     164.82861     -97.0798        0.45820224   19.888636
  -59.161514      0.565955     19.495537    -29.542992     -1.0601459
    5.373678    -22.253077      3.2904203     8.940878     -7.2638836 ]",hungry
"[-249.08795    162.24348   -111.509674    12.406859    34.792137
  -55.711456    10.18155     27.408028   -30.25844     -0.638233
    3.454166   -25.400513     4.5136466    4.857442   -15.016176 ]",hungry
"[-255.78616    167.83586   -100.29129      3.766301    24.01028
  -60.293915    -2.7623026   17.0077     -27.183031     2.8058507
    4.711226   -21.37266      6.738081     6.6628227  -12.08158  ]",hungry
"[-284.69855    137.49915    -61.22184     -8.257466     4.9492865
  -48.039314    -5.360886    14.518167   -17.993235    -2.416559
    1.6466283  -19.741238    -4.828474     2.231057    -8.142103 ]",hungry
"[-3.4587033e+02  2.1176279e+02 -9.8961182e+01  7.5545678e+00
  3.3108395e+01 -5.6418571e+01  5.5676327e+00  2.1884050e+01
 -3.5937893e+01 -5.9015112e+00  2.2260680e+00 -2.4801804e+01
 -6.2911026e-02 -5.0192423e+00 -2.3385536e+01]",hungry
"[-3.2731467e+02  1.3362349e+02 -7.3103821e+01 -1.8488306e+01
 -1.6594279e+00 -5.6843372e+01 -1.5731953e+00  2.8520237e+01
 -2.5225668e+01 -1.8118452e+01  6.2247181e+00 -1.2762383e+01
  2.8644985e-01  1.9771751e+01  1.3001519e+00]",hungry
"[-318.74646    155.90298    -59.29264    -49.275417   -15.0386715
  -41.28612    -10.527689    17.588991   -11.872952   -16.1763
   -1.9303719   -6.722267     4.9976444   17.151691     2.2934577]",hungry
"[-346.36392    157.9498     -37.326965   -36.173683    -7.6263866
  -30.638933    -6.9299054   14.502048   -12.16964    -15.110668
   -4.5631123  -16.085098    -8.749688     9.089521     3.4858127]",hungry
"[-3.9188541e+02  1.7291173e+02 -7.2248520e+01 -4.3631253e+00
  2.8808115e+01 -3.0807539e+01  7.0165199e-01  1.1058034e+01
 -1.9920681e+01  4.2626705e+00  1.8606387e+00 -2.4188679e+01
 -5.5595852e-02  2.5098011e+00 -1.8792700e+01]",hungry
"[-350.7797      157.9293      -22.165232    -20.913206     -5.842207
  -33.61416     -14.502588     -2.1851146   -18.267225     -5.657162
   -0.58231896  -17.039852     -9.165907     -2.0971277   -12.376414  ]",hungry
"[-2.8918478e+02  1.1896018e+02 -5.2364124e+01 -3.4961029e+01
  2.4877212e+00 -2.7498661e+01 -2.0338158e+01  4.1353159e+00
 -7.1686325e+00 -1.1057076e+01 -4.3525782e+00 -8.3984699e+00
 -4.4859409e+00  1.6975470e-01 -3.6512513e+00]",hungry
"[-321.40182    134.25873    -64.51771    -13.126462    26.52698
  -30.067017   -21.37807      1.2977389  -19.626284   -10.938967
    1.0895495  -14.528238    -8.872096     0.7856341   -7.06333  ]",hungry
"[-234.84007    156.60593    -56.624947   -10.449141    23.624546
  -35.344284   -19.198246     5.730619   -20.681368   -11.966168
    0.5339194  -18.949158   -10.76891      3.4856024   -8.891485 ]",hungry
"[-327.14203     127.21996     -30.400272     -9.796507      6.9093137
  -32.57074     -18.03001       0.9530329   -17.397322    -15.64421
   -5.0346804    -6.999817     -0.76591337    4.8820205     9.6337385 ]",hungry
"[-387.6916      127.89009     -31.435686    -20.154575     -0.43678027
  -27.622704     -6.412083     10.873512    -11.59497      -8.050533
    1.0028495   -13.506471     -9.362403      1.8823174    -5.2954025 ]",hungry
"[-307.51254    150.11061    -52.640907     6.7589006   25.742926
  -52.12732    -22.99037     14.676612   -25.934517   -23.886684
    1.0024513  -15.45593    -13.012824     0.9033407  -12.48438  ]",hungry
"[-271.60938    139.5794     -93.837524   -12.811718    18.292568
  -51.70473    -13.34155     14.108227   -15.890099     2.884287
    7.2472663  -14.624712     2.2339847    2.4855223  -13.144458 ]",hungry
"[-281.35114     170.21442     -65.58585     -14.8778305    17.931513
  -42.133102    -19.654953      6.5075226   -13.419835     -3.0658877
   -0.43778124  -11.51344       5.6876802     5.9791117    -6.1316876 ]",hungry
"[-3.96195587e+02  1.25532814e+02 -3.43065071e+01  5.82186842e+00
  1.80263405e+01 -2.46468449e+01 -5.82353249e-02  5.65722942e+00
 -2.05614033e+01 -4.31044722e+00 -9.66458559e-01 -1.59458475e+01
 -6.11535132e-01 -1.74572021e-01 -1.43643284e+01]",hungry
"[-344.3027     172.84505    -45.28971      4.912903    38.979362
  -17.3176      -0.4951459   15.810502   -12.032054    -4.195527
   -1.5047941  -19.512825    -9.294791    -8.263255   -19.981617 ]",hungry
"[-363.9847      126.14264     -24.43572       0.58860046   14.315683
  -29.78148     -13.136401     10.093106     -8.603492     -7.38872
    1.6418059    -8.018299     -8.423707     -6.345443     -8.633432  ]",hungry
"[-510.20145     124.86441     -10.831401     10.573788     24.359257
  -14.606026     -6.7141447     4.188732    -12.7759905    -5.149261
    2.5664794   -10.04132      -6.8782897    -0.70250857   -6.544612  ]",hungry
"[-3.0301208e+02  1.2607512e+02 -6.3839489e+01 -2.9248657e+01
  7.3663282e+00 -3.4196686e+01 -2.2513330e+01 -2.9253322e-01
 -1.1159959e+01  1.1472878e+00  9.6522188e+00 -1.6665463e+00
  4.4709291e+00 -9.0044796e-01 -2.0697645e+01]",hungry
"[-2.5636249e+02  1.5103586e+02 -7.5935104e+01 -2.5140226e+01
  2.0378002e+01 -2.8024036e+01 -1.4075741e+01  1.4161971e+00
 -1.6529877e+01 -2.8143084e-01 -6.9811679e-02 -1.9992422e+01
 -1.4642947e+00  6.7063007e+00 -9.9261780e+00]",hungry
"[-373.22324    167.5384     -18.218634    19.175364    47.834522
   -5.40635     -5.489328     3.3331263  -13.724167    -2.9197824
   -1.8486078  -18.375517    -7.3974366   -3.4363484  -15.210013 ]",hungry
"[-352.5305      90.20611     -9.194122   -10.811955     5.348598
  -11.405305   -12.4612875   -3.3025546   -8.715669    -8.592341
   -3.1622865   -6.6130857   -8.251094    -6.2142286   -7.2927213]",hungry
"[-349.57834     89.01926     -8.561609   -11.287151     2.8085268
  -13.612295   -13.816039    -5.3570447  -12.049107   -12.727254
   -6.501631    -6.985311    -5.8656373   -3.1188843   -4.581762 ]",hungry
"[-336.8334      90.92041     -3.5871024  -14.860203    -2.753194
  -13.907736   -14.503841    -6.472898    -8.21952     -7.5481925
   -4.416094    -6.4937816   -6.9418693   -5.7026787   -5.668778 ]",hungry
"[-6.1447253e+02  9.9919594e+01 -1.9323910e+01 -4.7487502e+00
  1.2566793e+01 -1.2175652e+01 -4.9935732e+00  2.7509851e+00
 -8.8898640e+00 -2.4987559e+00 -3.5185924e-01 -1.0341700e+01
 -3.1604390e+00  7.1472967e-01 -7.4665666e+00]",hungry
"[-4.94719757e+02  6.10773888e+01 -1.47682524e+01 -4.27498102e+00
  1.04680805e+01 -3.09436774e+00  1.80635285e+00  8.49993610e+00
  4.32941973e-01  7.68402278e-01  2.32039809e+00 -3.44938684e+00
 -3.63440919e+00 -2.87934971e+00 -4.15264750e+00]",hungry
"[-259.8812     191.77553    -60.443478   -11.033745    34.580173
  -23.08963     -3.77912     18.40734    -15.649259    -8.856055
    1.9141442  -17.922289    -7.3062844    2.8480754  -10.771295 ]",hungry
"[-248.83499    208.42319    -70.82619      1.6040119   58.51522
  -19.882244    -9.594073    18.248764   -15.264276    -8.823678
    5.7758074  -10.825442    -3.4726555   -1.3888633  -16.936016 ]",hungry
"[-265.68326     130.18985     -72.00864      -4.616097     32.93597
  -22.30682       1.5523326    19.336626    -12.321573     -2.4508429
    5.9344025   -11.20769      -3.3059123    -0.28732473   -9.015877  ]",hungry
"[-4.5592651e+02  1.5529456e+02 -4.1946507e+01 -1.0341022e+01
  1.6576464e+01 -2.8735640e+01 -9.3151178e+00  6.4464602e+00
 -2.2776669e+01 -1.2876218e+01  3.8053033e-01 -1.6183039e+01
 -8.9479332e+00 -7.6357886e-02 -1.2240316e+01]",hungry
"[-414.35468    171.03612    -35.59164     -5.895404    18.964338
  -18.975218     2.5101738    5.607274   -23.461153    -9.886473
   -5.992286   -18.692991    -2.9678557   -1.8099296  -12.618206 ]",hungry
"[-309.564      162.40831    -62.644016   -15.375184    19.451696
  -32.9282     -12.128471     7.911172   -13.113357    -1.4699346
   -1.7552359  -20.320183    -6.4478617   -3.236428   -13.643484 ]",hungry
"[-360.75964    159.002      -32.3167     -12.86457     -5.0989194
  -48.16583    -16.190796     2.502252   -20.296593    -2.323134
    5.101053   -17.070831    -6.4119973    3.5995328   -7.962213 ]",hungry
"[-527.9555      98.13439     -5.0362606  -18.57159    -10.405884
  -16.704151    -2.4853969    5.0027432  -11.005633   -13.716382
   -8.154502   -12.186617    -8.393629    -0.9332535   -3.554589 ]",hungry
"[-574.8559     140.40666    -52.08612    -15.753843    13.339627
  -29.438091    -8.51342      6.6416917  -18.920198    -5.036704
    2.5976343  -19.772667    -8.814892     1.863391   -13.130482 ]",hungry
"[-3.1727722e+02  1.7790163e+02 -5.9410362e+01 -3.8641672e+00
  2.3679174e+01 -4.5472404e+01 -2.2496149e+01  2.9102764e-01
 -2.8159981e+01 -1.4415143e+01 -7.6136498e+00 -2.7008730e+01
 -1.2065924e+01 -3.7810822e+00 -1.4821589e+01]",hungry
"[-5.3092334e+02  8.1389084e+01 -1.5518215e+01 -4.2952385e+00
  5.3631859e+00 -1.3066922e+01 -1.7778488e+00 -8.5395463e-02
 -1.7131441e+01 -1.1196079e+01 -7.0699382e+00 -1.5651186e+01
 -9.9489260e+00 -6.6282549e+00 -1.1144345e+01]",hungry
"[-257.10867     179.31519     -88.64571      -9.309425     21.60162
  -54.891705    -12.450491     14.122852    -24.612473     -4.473194
    1.973959    -23.127672     -0.62701297    5.695962    -14.092983  ]",hungry
"[-360.5414     169.8989     -19.258932   -18.654932     6.9313645
  -22.972372   -11.269587     7.71943     -9.943881   -11.025897
   -4.2680836  -14.340673   -11.4214      -3.9696195   -9.027528 ]",hungry
"[-4.3593628e+02  1.5997696e+02  6.0420451e+00  4.7246461e+00
  1.4010614e+01 -1.8127405e+01 -8.0726814e+00  2.5959778e+00
 -1.4940217e+01 -8.2187672e+00  3.0920390e-02 -1.3437454e+01
 -1.0801844e+01 -2.7618940e+00 -9.3863649e+00]",hungry
"[-371.1121     188.82635    -67.46325    -16.756495    11.152697
  -46.017677     3.092948    29.45775    -22.250553   -11.808282
    7.9212155  -19.935707   -15.931053    -1.2381256  -10.93602  ]",hungry
"[-432.3141     127.384056   -64.290665     1.8108044   25.458838
  -44.81681    -13.658249    19.798637   -19.480904   -15.409947
    7.8842926   -7.284091    -8.459761    -1.0476313   -7.7042017]",hungry
"[-327.03104    106.829185   -91.67066    -19.256578    15.5630665
  -31.091803    -0.6334263    6.0941925  -19.385853     7.0673046
    5.861328   -18.91643      1.0850185    5.6539965   -8.528054 ]",hungry
"[-346.56335    105.96031    -62.838146    -8.452609    22.66197
  -25.136549    -9.13369      4.7426295  -18.26515     -4.9796033
    6.334527    -3.625121     7.4897804    7.0469646  -11.6637945]",hungry
"[-233.17146    137.31947   -122.1244     -34.671883    13.147276
  -43.012108     1.9566208   19.471336   -20.619055    -1.1581973
    2.9360852  -17.304522     4.412774     1.6801083  -17.966282 ]",hungry
"[-229.32544    151.81705   -126.97941     -4.3742      40.540195
  -50.145813    -6.454554    18.69517    -22.226973     7.273922
   16.683916   -11.728171     6.555626     7.5374665  -10.881192 ]",hungry
"[-393.9652      62.853794   -44.413906   -10.679019    27.554092
   -1.337147   -13.604255    -4.35863     -5.105214    -1.0809284
   -1.0717521   -8.953128    -2.8323083    4.3226953   -1.092309 ]",hungry
"[-5.5484827e+02  6.6737015e+01 -1.6198982e+01 -2.4300220e+01
 -4.7290277e+00 -1.3925353e+00  4.0115976e+00  4.7032719e+00
 -6.9454427e+00 -9.7674274e+00 -4.4109387e+00 -2.8777041e+00
 -9.5391296e-02  1.5114437e+00 -2.6148009e+00]",hungry
"[-494.1098     158.26447    -65.3789      -4.8207593   23.237526
  -39.35647    -12.351131     3.9003453  -29.250103   -10.414251
    2.7630227  -16.726015    -6.98145     -1.406818   -10.189028 ]",hungry
"[-300.079       134.3349      -56.233753     -7.39317      17.722372
  -29.68005      -1.8580072    11.780407    -19.290676     -4.8219504
    3.001283    -17.839296     -7.128053     -0.33141458  -12.988296  ]",hungry
"[-391.1339     135.16263    -61.120956    -5.374844    16.702223
  -40.235226    -9.064383    10.391701   -22.999475    -8.319229
    4.496892   -14.544298    -5.9400835   -1.0602536  -12.108928 ]",hungry
"[-245.21645    136.41685    -80.79364    -17.076666    12.781306
  -37.524914     3.693203    20.177223   -16.75369      1.8519012
    7.594044   -19.655233    -4.8677354    5.89514     -5.00402  ]",hungry
"[-212.97029    161.75964    -95.96843    -13.722388    20.32973
  -42.085865     6.6914973   20.315416   -25.748137     2.0669055
   10.76043    -21.828302    -3.0156643    8.457433    -5.2355556]",hungry
"[-238.68956    157.5127     -59.99953     -1.4652658   24.46396
  -42.047306   -17.810719     3.2671967  -24.507265    -4.6051006
    4.27648    -20.828224    -5.666609     5.29987    -12.620766 ]",hungry
"[-311.4745     162.20937    -53.835472     0.8022679   33.807
  -28.344488   -13.705356     0.3686313  -28.158648    -9.056827
    1.7844471  -20.444592    -4.0466547    6.960926   -14.251181 ]",hungry
"[-361.4165     168.60777    -40.059063    -2.5647962   20.284025
  -33.963074   -10.7845       7.66889    -21.491766    -6.706149
    3.7130163  -19.949783   -10.780311    -2.192122   -18.246122 ]",hungry
"[-297.7499     173.22322    -78.503555    -3.6017492   31.79715
  -45.31568    -13.30385     14.155927   -27.28456    -10.95942
    6.340817   -19.940105    -7.833901     6.677976    -9.009354 ]",hungry
"[-260.31653    156.65434   -107.16841     -7.3155284   38.212494
  -43.939167   -14.134057     8.156472   -24.820795     2.6394577
    6.6545014  -26.155079    -1.8556685   11.889523    -8.121362 ]",hungry
"[-289.31192    140.95029    -90.58708    -17.330748    17.418207
  -46.557884   -11.997444    10.596313   -21.216438     2.012656
    9.343821   -21.848875    -5.7326417    8.130914    -6.9846835]",hungry
"[-244.50874    156.83524   -113.93793      3.2010584   36.327087
  -68.07386    -21.359493    16.32208    -29.559792    -1.1394894
   17.238506   -21.798279    -8.701738     9.550451    -6.668503 ]",hungry
"[-283.49362    157.48744   -105.82545    -12.512594    30.192568
  -44.99055     -8.195804     9.077682   -33.096443    -3.0774782
    9.215592   -23.904713    -4.510356     6.9057155  -12.532657 ]",hungry
"[-465.00693    164.68771    -63.51294      2.2433426   28.426105
  -42.35447     -7.6494083   20.379528   -22.21625    -16.028538
   -0.8391952  -19.814638   -14.113239    -7.340639   -14.711822 ]",hungry
"[-2.9663321e+02  1.8185583e+02 -6.4453705e+01 -1.2742225e+01
  1.5884311e+01 -3.8783127e+01 -8.3872480e+00  2.1066103e+00
 -2.6035805e+01  2.4495549e-01  3.4865079e+00 -2.1382778e+01
 -2.4529080e+00  3.2470336e+00 -1.2888212e+01]",hungry
"[-275.1369      145.62119     -60.03325     -31.00059      11.27195
  -16.820965     -6.902103     -6.1547885   -22.14606       1.3482474
    3.9259958   -19.920944     -9.199373      0.33355188   -3.8255968 ]",hungry
"[-306.1995     141.89288    -32.813446   -18.922497     9.016433
  -13.486085    -2.8855834   -4.5369606  -21.531986    -1.2747146
    3.7268202  -15.743609    -7.512095    -0.9397033   -7.567141 ]",hungry
"[-258.42395     239.1749       -3.5972598     8.841642     31.073893
  -16.249443      0.90380925   11.036634    -18.02474      -4.8455024
    5.185302    -13.337086     -6.4861937    -0.6270638   -10.218156  ]",hungry
"[-321.24805    153.3406     -63.991238     6.4715796   34.413933
  -28.951262    -5.003301     2.3079495  -27.433672    -4.230232
   -6.026368   -32.006622    -9.052188    -0.5772307  -14.806725 ]",hungry
"[-3.2102911e+02  1.4013170e+02 -4.8451653e+01  6.0927300e+00
  3.1990984e+01 -2.0747595e+01 -4.7877593e+00 -1.8064426e-01
 -2.4988411e+01 -5.0784459e+00 -5.4172673e+00 -2.9230223e+01
 -1.2101611e+01 -2.3252711e+00 -1.1583626e+01]",hungry
"[-2.7890701e+02  1.5526828e+02 -5.9052887e+01  4.6253686e+00
  2.5031935e+01 -2.7746235e+01  1.2062769e+01  1.7985878e+01
 -2.1765749e+01 -3.4252913e+00 -2.4004827e+00 -2.0649837e+01
  1.7513928e-01 -3.0391266e+00 -1.8566652e+01]",hungry
"[-298.1632     171.80537    -56.95682      9.237128    33.037838
  -26.885355     6.104653    10.52139    -27.966301    -4.934212
   -1.05796    -23.687977    -5.7290254   -4.107499   -17.503712 ]",hungry
"[-223.58665     146.94109     -44.86259       2.4107876    -1.7428025
  -56.512615     -7.3589196     6.7164044   -26.319996     -2.6772816
    0.32628953  -19.005123      3.774332      5.1400366   -11.864072  ]",hungry
"[-205.07849     175.11353     -59.629745      6.290542     22.112076
  -37.343597      8.608725     14.575577    -29.20942      -4.0553465
    0.88006854  -22.4327       -1.9606946    -0.9014225   -15.970501  ]",hungry
"[-1.95089706e+02  1.59374771e+02 -1.02679855e+02  1.94296970e+01
  3.72890930e+01 -5.15744896e+01  6.69806814e+00  1.66563950e+01
 -3.00508957e+01  4.17642021e+00 -9.67985272e-01 -2.82703323e+01
  5.33089924e+00  9.25819278e-02 -2.14717808e+01]",hungry
"[-195.49486     153.58533    -103.82074      14.348253     30.519068
  -53.29306       6.561565     14.890766    -28.97086       7.3465405
   -0.88915175  -29.141956      6.8476963     1.3832223   -22.253555  ]",hungry
"[-225.0154     183.18507   -111.87328     21.361423    31.530027
  -62.01369     14.177603    20.397724   -34.725822     5.1730423
   -1.7503686  -26.616693     9.9470625   -5.7382755  -24.341835 ]",hungry
"[-194.93193    180.99683    -97.85786     -0.5960043   19.680185
  -48.28018     11.82246     10.621341   -33.506092     9.444356
    3.3903222  -27.44774      6.975662     2.3253427  -20.084225 ]",hungry
"[-4.6861664e+02  2.4077849e+02 -9.8330421e+01 -6.0182796e+00
  3.7495842e+01 -4.3974354e+01  8.0693638e-01  1.2303606e+01
 -3.4604656e+01 -1.2319095e-02  6.5581183e+00 -2.3172956e+01
  3.2512054e+00  4.1089048e+00 -1.8144602e+01]",hungry
"[-5.10802002e+02  2.29269257e+02 -1.05033714e+02 -1.21573505e+01
  3.91110954e+01 -4.06646042e+01 -2.26868129e+00  1.31444197e+01
 -2.88113918e+01  3.75142843e-01  4.72081184e+00 -2.36090221e+01
  2.33275309e-01  1.93199098e+00 -1.68150101e+01]",hungry
"[-6.4968372e+02  1.7083760e+02 -8.8021339e+01 -8.4660730e+00
  3.9876816e+01 -3.1976265e+01 -9.4989300e+00  1.2668787e+01
 -1.9480816e+01 -1.8614714e+00  6.9012022e+00 -1.5638835e+01
  3.9833960e-01  5.0759563e+00 -1.4065394e+01]",hungry
"[-423.37375      95.85986     -54.000607     -8.176775     16.32871
  -23.29719       2.4677396    17.904392    -16.439528    -11.18252
    5.357216     -7.9089084    -7.0573893    -0.76976675   -7.0474505 ]",hungry
"[-332.03876     158.38074    -122.10112     -24.452002     24.32905
  -49.173813     -3.1344237    24.753876    -22.321482     -7.8026524
    5.631209    -13.964698     -0.90480685   -1.3002459   -12.003343  ]",hungry
"[-4.9141431e+02  1.6907980e+02 -7.7584244e+01 -1.5800117e+01
  1.9610874e+01 -3.4967346e+01  1.4666126e+00  1.4274930e+01
 -2.7912142e+01 -1.0517236e+01  9.8583376e-01 -1.8772480e+01
 -3.7316651e+00 -2.0090050e-01 -1.6300001e+01]",hungry
"[-5.0724298e+02  1.3589027e+02 -3.4325615e+01 -1.2668614e+01
  1.3665287e+01 -1.6532888e+01 -4.7062016e-01  8.7929058e+00
 -1.4835463e+01 -6.9188638e+00  3.2647941e-01 -1.3538532e+01
 -5.4892168e+00  1.1890075e+00 -9.6549530e+00]",hungry
"[-4.9505170e+02  7.5966103e+01 -7.3675451e+00 -7.2890267e+00
  1.4868394e+00 -8.5525255e+00  6.1063010e-01  2.6631191e+00
 -9.9607668e+00 -5.3622413e+00 -8.5275185e-01 -8.1585655e+00
 -4.4990082e+00 -1.3043056e-01 -6.6959586e+00]",hungry
"[-391.3684     133.9466    -109.11215    -41.2965      23.895584
  -27.307673    -8.149243    17.666056   -15.885265    -8.291307
    9.698917   -11.223011    -8.051529     4.5911093   -8.633871 ]",hungry
"[-411.8531     121.42078    -55.72174    -28.634893     6.650881
  -23.908306    -5.871341    11.410022   -13.093247    -6.991593
    7.6886587   -5.881434    -5.001235     0.945732   -11.503612 ]",hungry
"[-4.6117694e+02  1.3789812e+02 -5.3645515e+01 -1.5747721e+01
  1.3238867e+01 -1.9054098e+01  5.7985907e+00  6.2443514e+00
 -2.5372721e+01 -7.6405602e+00  5.9469867e-02 -1.6352467e+01
 -3.0274756e+00  9.7206675e-02 -1.3436925e+01]",hungry
"[-440.01883    139.46005    -66.67515    -15.754065    14.624947
  -21.948723    11.253714    11.260316   -25.600634    -5.1929746
   -1.2833241  -20.817738    -1.0861768    0.994351   -15.409331 ]",hungry
"[-383.80206      92.316574    -26.286709    -22.961035     -1.0519263
  -16.80633     -10.439497      0.70658016  -10.023109     -9.42898
   -3.648184     -9.846824     -6.2453766     2.5542662    -1.1941631 ]",hungry
"[-361.28644     98.00098    -22.453907    -9.533832    -4.2703953
  -34.974243   -12.362735     5.647519   -17.281807   -15.210792
   -1.9457694  -10.406687    -6.7631826    5.9223514    2.5254428]",hungry
"[-389.55826    129.38483    -65.68979    -11.710956    19.629372
  -37.509773   -14.434098    15.8815155  -11.018008   -13.032796
   -6.4713397  -16.618267    -5.9453645    3.0464644   -1.7684904]",hungry
"[-3.7356268e+02  1.6001843e+02 -1.0463264e+02 -1.7670549e+01
  3.5562679e+01 -3.3337891e+01 -9.1950426e+00  9.2336636e+00
 -2.1140984e+01  8.5760258e-02  2.3122158e+00 -2.5049513e+01
 -6.0048208e+00  1.0399565e+00 -1.6034687e+01]",hungry
"[-327.38522    113.775246   -68.39193    -18.45116     15.56143
  -33.1436     -16.603638     6.3397264  -10.892725    -3.0882533
   -1.3864101  -18.648455    -6.6570344    4.6640716   -2.1204305]",hungry
"[-3.3049652e+02  1.4133386e+02 -1.0484057e+02 -1.4198996e+01
  3.5717274e+01 -3.5778591e+01 -1.2620150e+01  1.0267882e+01
 -1.6500408e+01  1.9280207e-01 -1.4539272e+00 -2.5304321e+01
  7.1894616e-01  1.3960679e+01 -3.5359416e+00]",hungry
"[-301.67203    158.58415   -113.475914     9.861129    39.828896
  -57.447674    -4.0945582   21.888943   -25.65366      2.752811
    6.480085   -28.027748    -2.1798556    7.730417    -8.580389 ]",hungry
"[-4.8391266e+02  1.3491054e+02 -3.9478127e+01 -1.9712009e+01
  1.1643711e+01 -2.5163866e+01 -1.9428379e+01 -8.9482641e-01
 -1.3737521e+01 -8.9628906e+00 -2.1198153e+00 -1.2744631e+01
 -6.0114565e+00  1.7388563e-01 -1.1489232e+01]",hungry
"[-312.28003    103.47354    -78.06821    -23.02916     13.490958
  -35.849434   -15.28807     10.566404   -12.224783    -5.530874
    4.320886   -11.403385    -6.145651     1.5867218   -5.472381 ]",hungry
"[-278.2664     170.40962    -73.64348     11.612585    34.009796
  -53.32396    -13.612284    16.639477   -26.427015    -9.689609
    8.230162   -14.206185    -6.93393     -2.7557747  -13.366074 ]",hungry
"[-279.42075     134.09903     -44.36654       0.88442206   18.663595
  -37.162148    -15.336916      5.174209    -20.037792    -10.393841
    1.8295242    -4.7146635     7.944273      7.574122     -7.4858866 ]",hungry
"[-697.35754    105.77436    -31.839691    -3.1057076   13.766649
  -27.118525   -11.472336     8.496715   -13.018351   -10.235976
    2.1720924   -7.9595757   -5.7951517    1.2881888   -5.2407475]",hungry
"[-619.2817      104.459274    -35.978218    -23.62323       6.6950364
  -21.48345     -21.061527      1.7585992    -0.7187669    -3.6556778
   -0.97951734   -3.9128332     0.80356956    3.7173498    -3.1367495 ]",hungry
"[-459.33075    127.93354    -64.47024    -25.692055    19.117695
  -28.415716   -22.682281     6.4591303   -9.254106    -7.626587
    5.4226365   -8.741769   -10.189148     1.5255893   -4.214836 ]",hungry
"[-5.8783307e+02  1.1439849e+02 -4.1556026e+01 -2.7739496e+01
  7.7652836e+00 -2.0362890e+01 -1.9248381e+01  3.2722161e+00
 -1.3308910e+00 -3.1910813e+00  3.8427982e-01 -6.7696223e+00
 -6.2916970e+00 -3.2608390e+00 -8.6187134e+00]",hungry
"[-5.2294373e+02  8.2088989e+01 -5.3091812e+01 -1.9031656e+01
  7.7579403e+00 -2.6978901e+01 -1.2770062e+01  8.5370760e+00
 -8.0939531e+00 -6.1544676e+00  4.1811399e+00 -4.3956347e+00
 -3.7554140e+00 -5.4566666e-02 -8.1929226e+00]",hungry
"[-337.22565    150.49342    -54.245197   -10.767504    21.184452
  -30.049992   -11.406743    11.999016    -9.145173    -4.7864814
   -4.597305   -20.406923    -9.603761    -7.7645383  -18.84595  ]",hungry
"[-290.64066    156.48192    -65.13375     -7.0788107   26.786793
  -30.567402    -3.8226736   16.62197    -16.266394    -8.265091
   -3.2072556  -21.53305     -6.6026573    3.0319965   -6.559703 ]",hungry
"[-310.41153    157.78069    -59.661205    -8.9308195   24.50415
  -30.56757     -6.1768003   16.740166   -13.631785    -8.501544
   -3.0228279  -20.692663   -10.511649    -4.2854667  -13.658319 ]",hungry
"[-268.26947    162.51671   -104.253174    -4.3233624   23.712116
  -52.83074      0.7396253   16.151077   -32.10623     -2.310967
   10.6058855  -11.189211     6.7552786    0.7275908  -17.171793 ]",hungry
"[-2.4772635e+02  1.6800916e+02 -8.4008224e+01 -2.2965977e+01
  2.6321917e+01 -2.8645880e+01 -3.6276143e+00  1.6845963e+01
 -1.5506331e+01  9.8890558e-02  1.1819839e+01 -1.2364637e+01
 -4.5317092e+00  2.9589465e+00 -1.0691826e+01]",hungry
"[-447.27933    114.34124    -31.250498     1.8386817   11.700463
  -30.99947     -7.197795     6.622939   -19.868307    -9.345427
    1.3894796  -14.300965    -9.155153    -2.4460151  -11.454211 ]",hungry
"[-349.4313      143.55788     -48.533596      3.0048735     7.2083964
  -54.120712    -13.948672      5.919427    -24.367987     -0.71098197
    8.932591    -16.193434     -6.047228     -2.565851    -17.36647   ]",hungry
"[-3.7419012e+02  9.7835449e+01 -3.8603531e+01 -1.5519868e+01
  2.9572737e+00 -2.5273842e+01 -4.9092703e+00  8.9666557e+00
 -1.3485984e+01 -9.2575827e+00 -1.4372149e+00 -1.3015260e+01
 -5.7245302e+00  5.3645372e+00  7.9268299e-02]",hungry
"[-5.2330066e+02  1.1745419e+02 -6.3057728e+01 -9.2887278e+00
  2.0834433e+01 -2.7549675e+01 -6.2707977e+00  8.0072403e+00
 -1.7381779e+01 -3.8220814e-01  8.5484047e+00 -1.0420786e+01
  1.8790138e+00  6.9931574e+00 -9.9507427e+00]",hungry
"[-308.02402   135.52226   -38.28846     7.141307   25.685066  -42.370544
  -32.44404    -6.291886  -28.103748  -16.02418     4.134915  -12.235198
   -8.063537   10.08344     2.07634 ]",hungry
"[-258.8702     145.61403    -23.735086   -17.96385      5.1373844
  -27.800844   -20.16487     -3.281566   -18.76137    -13.22598
   -0.5088583  -11.981635   -11.785161    -2.5504484   -7.3470473]",hungry
"[-243.61246     141.80717     -34.238987    -36.808727     -6.962521
  -28.788376    -22.982933     -8.387851    -19.798738    -15.29142
    0.62071663    5.718235     15.121795     17.342245      2.0786033 ]",hungry
"[-389.81314     99.01885    -20.161274   -13.62502      5.7007804
  -17.903948   -16.204948    -3.9518337  -10.7432165  -10.242745
   -8.181591   -12.112573    -5.577605    -3.9654999  -11.795481 ]",hungry
"[-508.78296    144.57765    -52.051582   -10.145737    16.467419
  -30.633808    -8.152069     6.0566173  -23.396257   -14.853446
   -7.748827   -20.60843     -6.81775     -0.519941    -9.918828 ]",hungry
"[-535.2152     117.40894    -33.4824      -3.1975276   17.521143
  -23.313114   -11.616437     1.0122457  -21.7477     -16.919035
   -7.2575684  -16.560837    -9.69336     -2.7419717   -9.255243 ]",hungry
"[-263.0889     141.45668    -32.222622   -21.481262     2.0919824
  -30.102005   -21.066559    -6.3642554  -16.298666    -5.65652
    2.0297647   -4.63209      6.352167    11.736952     0.3698731]",hungry
"[-257.85294    136.97859    -50.910988   -13.874801     9.036368
  -38.412834   -15.065434     5.0303245  -18.978796    -5.830144
    6.8679914   -7.5041127    1.1503776    5.0679965  -11.275165 ]",hungry
"[-408.95917    113.15646     -6.42815     -5.070402    -1.8266226
  -30.205046   -15.080946    -0.8135195  -17.927694   -13.072507
   -1.0559034   -8.382383    -4.5255475    1.8480656   -7.3301153]",hungry
"[-317.29614    142.70189    -54.55365    -19.057968    18.579802
  -28.874918   -16.801014     8.872317   -13.716977   -13.078527
   -0.330854    -9.729364    -3.390684     5.0658107   -5.736511 ]",hungry
"[-330.93747    130.01515    -42.04654    -10.371114    13.665381
  -36.9924     -31.697224   -12.826624   -21.979488    -6.6792545
   -3.9156535  -26.121937   -12.62107      6.149863    -4.9490395]",hungry
"[-310.35632    134.31273    -37.79905    -17.192781    11.223862
  -27.92428    -29.885677   -22.231924   -27.17388     -4.718889
   -2.5702536  -27.296804   -14.217322     5.498421    -5.1134086]",hungry
"[-294.974      108.80302    -40.959503   -13.181278    16.786066
  -16.964954   -11.954035     1.0237536  -13.273529   -11.530239
   -8.209975   -14.85234     -6.7887845   -0.770788    -1.4922363]",hungry
"[-238.74144    155.51566    -78.42814    -25.276705    24.4329
  -29.498882   -17.158905     5.4015846  -18.861067   -14.487657
   -4.9425225  -13.345348    -4.356063    -3.8676207  -13.142129 ]",hungry
"[-3.2126657e+02  1.3591455e+02 -5.0722488e+01 -2.8222887e+01
  4.9803357e+00 -2.7366673e+01 -1.4403769e+01  1.2113153e+00
 -1.4649337e+01 -8.0342903e+00 -3.8940952e+00 -1.3788131e+01
 -3.0454671e+00  2.9734203e-01 -9.8318090e+00]",hungry
"[-469.9965     147.53392    -10.329541   -23.201338   -10.655666
  -28.304646   -13.3216095   -3.6248677  -19.432253   -12.839774
   -4.4445424  -14.12963    -10.518239    -2.3484604   -2.5185943]",hungry
"[-325.5552     147.44127     19.747845    -3.2172668   -2.5078208
  -20.701704   -13.690929    -4.1608524  -10.428859    -8.785974
   -9.382426   -14.745214    -8.388193    -5.9452977  -10.25722  ]",hungry
"[-3.8820349e+02  1.6096149e+02 -5.9408908e+00  2.1569934e+00
  2.0704851e+01 -1.0614766e+01 -1.3502058e-01  6.3804374e+00
 -1.5587835e+01 -6.9641895e+00  1.6059107e+00 -1.1833068e+01
 -5.5539384e+00 -4.5136252e-01 -1.2938366e+01]",hungry
"[-4.1772064e+02  1.1433097e+02 -3.9881916e+01  7.4877691e+00
  1.6783478e+01 -2.6303638e+01  3.8442812e+00  1.0109803e+01
 -1.6108137e+01  1.1878111e+00  2.3580415e+00 -1.3592763e+01
  9.2238981e-01  6.9225602e-02 -1.1646030e+01]",hungry
"[-4.1546652e+02  8.7586960e+01 -4.6568420e+01 -3.7347715e+00
  8.5553036e+00 -2.8260939e+01 -2.7738711e-01  9.0025568e+00
 -1.6361740e+01 -1.3962505e+00  4.9176869e+00 -1.1313857e+01
 -2.5861269e-01  4.9726248e+00 -6.0015554e+00]",hungry
"[-308.65268    114.331345   -71.79396     -4.708905    14.212239
  -46.137714    -9.196432    10.761633   -25.981745    -8.407546
    8.689424    -8.398304     1.2045097    5.423409    -7.4387865]",hungry
"[-553.8958      91.82732    -15.801522    -6.382834    12.695542
  -11.973594    -9.085694     7.6771      -1.3588727   -6.4685745
   -3.36349    -10.133351   -10.509358    -3.5340972   -4.620827 ]",hungry
"[-552.2183      84.81668    -21.166214   -14.793153     8.565743
   -9.220468    -9.603759     3.0946493   -2.5904326   -6.8493934
   -4.36295     -6.01758     -5.4265666   -3.961341    -4.3715134]",hungry
"[-426.47742    132.31084    -70.497116   -36.840374    11.780912
  -28.20836    -15.603908    18.213507    -1.508243   -11.784673
   -0.6629805   -4.737906    -6.2451653   -3.0550365   -5.4747667]",hungry
"[-513.9869     131.41583    -17.833454   -18.1111       5.33061
  -15.224483   -11.443687    -1.9279354   -9.461937    -2.1558027
    1.0537415  -10.798843    -7.2406306   -1.4177809   -7.9900866]",hungry
"[-227.12285    148.53682    -98.18955      2.475612    37.80349
  -36.91129      1.8262082   12.404599   -30.04388     -2.4842522
    3.372477   -20.78376      3.8121727    6.388992   -11.438466 ]",hungry
"[-288.066      135.45807    -66.6865       4.99627     22.682566
  -39.170063    -5.5164213    4.595272   -22.631613     5.1678243
    5.191002   -21.850363    -6.615211    -3.9179614  -12.521661 ]",hungry
"[-2.5389117e+02  1.6009129e+02 -9.0172768e+01  9.5268764e+00
  2.7882309e+01 -5.1660496e+01 -2.3522696e+00  8.6190853e+00
 -2.8413933e+01  8.9417086e+00  5.6502609e+00 -2.9345871e+01
 -4.4762554e+00 -1.1901045e-01 -1.0272210e+01]",hungry
"[-305.63168    183.91171   -111.563545    -2.1005576   33.16157
  -44.827797    11.402399    19.969055   -31.948015     4.0161333
    8.691479   -23.507353     3.3426902    5.4255056  -15.090511 ]",hungry
"[-242.0401      161.42726     -91.43604      -8.930818     27.756998
  -37.12655      -0.64415807   14.817032    -16.840956      4.668096
    0.81269205  -21.848322      2.8787186     2.0751889   -17.115849  ]",hungry
"[-285.66943    154.26344    -75.91072    -21.023058    21.072287
  -38.3978     -20.434494     6.9990044  -11.587282     4.361577
    5.698143   -25.963514    -8.784177    13.693272    -9.686934 ]",hungry
"[-362.0266     196.94424    -80.65101      0.5297716   43.95852
  -27.059309     1.4643685    5.475434   -34.22109      7.1479015
   13.312288   -33.095177    -5.9080086   14.8454075  -18.219196 ]",hungry
"[-3.7299414e+02  1.8023544e+02 -1.0683569e+02 -6.8969631e+00
  3.4743725e+01 -4.5069729e+01 -3.3813787e+00  1.4128256e+01
 -2.9210220e+01 -3.3594103e+00  4.1714816e+00 -1.9197031e+01
  2.3165464e+00  2.0858885e-01 -1.7781015e+01]",hungry
"[-296.77737     142.23459     -64.89699     -12.037909     14.816351
  -31.313309     -1.3252164     5.233968    -27.191015     -8.239756
   -3.3592598   -20.170652      0.46796796    6.2576427    -7.6069245 ]",hungry
"[-354.219      135.73329    -52.40108    -19.429783     8.622038
  -31.581413   -11.404361     3.9155412  -21.036407   -11.839094
   -3.651222   -18.065208    -7.161791     1.3373832   -9.319182 ]",hungry
"[-276.45032    135.69037    -70.262695   -18.449371    16.835789
  -27.925564    -5.222404     6.8335843  -18.887352    -6.035832
   -2.7310476  -14.9226885    3.7440033    6.425144    -9.258853 ]",hungry
"[-324.74207    193.39821     -4.7513466    6.2976522   20.107897
  -25.75417     -6.9784126   11.391214   -12.182129    -0.863816
    9.080266   -12.500373    -5.10273      7.598636    -7.8486204]",hungry
"[-2.5735556e+02  1.6419743e+02 -7.9420639e+01 -1.3835440e+01
  2.4331699e+01 -4.1446407e+01 -1.8633480e+01  4.4940658e+00
 -2.0757269e+01 -7.8828011e+00 -4.1769447e+00 -1.5549977e+01
  8.8227329e+00  1.3875645e+01  5.0380960e-02]",hungry
"[-250.86624    160.14455    -80.206184   -27.524332    24.223843
  -29.569773   -18.291006     3.5907729  -16.304516    -3.1333485
    4.1443806  -17.105381    -6.3759074    6.8793135   -5.066262 ]",hungry
"[-371.10193    133.52032    -69.90805    -14.809499    16.09889
  -35.4237      -4.646574    13.293578   -26.84247    -15.84485
    4.4933777  -11.242307    -3.667174     9.164021    -2.5126176]",hungry
"[-507.09875    123.73233    -25.586927    -2.853208    14.273084
  -21.247152    -7.7393785    1.0029484  -21.50272    -13.217209
   -3.6321027  -13.812777    -6.3337545   -1.5629839  -11.909487 ]",hungry
"[-397.5891     123.83019    -58.545807   -12.287409    20.318375
  -24.048954    -8.381273     4.1953287  -21.133804   -14.211065
   -6.561361   -11.197916     4.970357     3.6816442  -12.993706 ]",hungry
"[-350.98004    154.96036    -78.34057    -22.73876     10.458361
  -41.010967    -3.275802    13.328667   -30.019117   -14.615804
    3.961524   -11.509781     6.3430476   17.318235    -4.4624577]",hungry
"[-409.34125    143.50941    -59.008698    -5.576033    20.670925
  -36.136692   -11.838002     7.831738   -17.650349    -2.1517475
    5.663171   -15.737814    -8.068175    -1.6070751  -11.387763 ]",hungry
"[-287.79324     162.19598     -49.574062    -29.933634      0.92977756
  -24.99924      -0.5355244     2.4836106   -25.733486     -7.5788727
    1.7497241   -14.608024     -3.8775911    -2.2569351   -14.989979  ]",hungry
"[-531.5163      111.06543     -12.499958    -23.043322      1.0794282
  -10.724972    -18.27279     -10.26563      -4.408528     -0.82320285
   -4.6081033    -9.882628     -5.774609     -5.0050206    -9.715264  ]",hungry
"[-388.78113     90.95885    -41.586193   -18.860346     8.338795
  -15.875065    -9.522689    -3.8433075  -16.876623    -5.576124
    1.0748364  -11.955067    -8.118782    -0.5522481   -3.7009346]",hungry
"[-3.49334320e+02  1.16356453e+02 -5.13928757e+01 -2.59494896e+01
 -1.38277069e-01 -3.49601669e+01 -1.67107925e+01  4.17362785e+00
 -1.47487955e+01 -1.22051868e+01 -2.10899115e+00 -7.72606134e+00
 -2.75357556e+00  8.54546428e-01 -3.09063220e+00]",hungry
"[-3.2566278e+02  9.7075302e+01 -4.1601254e+01 -2.0104063e+01
 -1.4198050e-01 -2.4666197e+01 -5.5275645e+00  5.3134732e+00
 -1.3468889e+01 -5.2310853e+00  2.6908772e+00 -8.7765779e+00
 -6.1789818e+00 -8.5495621e-01 -1.6212876e+00]",hungry
"[-400.41452      80.19417     -34.65077     -23.498114     -5.4610696
  -20.55942      -4.9517856     3.5896966   -11.15559      -3.6403565
    3.1411593    -9.114197     -7.060305      0.83639777   -3.3787186 ]",hungry
"[-495.19922      54.090958    -24.37797     -10.255309     10.544086
   -3.7862356    -5.5069814    -0.89747804   -4.6728563    -1.9462646
   -1.2387135    -5.398906     -2.3696501    -1.1471989    -4.330964  ]",hungry
"[-2.8058334e+02  1.7446878e+02 -4.9928398e+01 -6.8182583e+00
  2.3645996e+01 -2.8318583e+01 -1.8827990e-01  1.9490858e+01
 -1.5582219e+01 -4.5400486e+00  8.2434320e+00 -1.4085234e+01
 -7.7437167e+00  2.9116507e+00 -8.2854195e+00]",hungry
"[-496.1528     103.93068    -10.120274    10.220482    17.451643
  -14.44348     -2.5191858    4.031731   -11.603107    -4.4192057
   -2.7508142  -12.444157    -4.9029346   -3.418794    -9.77086  ]",hungry
"[-3.9691858e+02  1.4432451e+02 -6.6753761e+01 -1.6610384e+01
  2.6020245e+01 -3.1477781e+01 -2.0165783e+01  5.9181800e+00
 -2.0765055e+01 -1.7072676e+01  8.2517892e-02 -1.1370115e+01
 -7.3091593e+00  2.0777607e+00 -5.3817048e+00]",hungry
"[-295.67206    128.50385   -120.284996    -1.8895622   36.21798
  -54.595657   -12.197618    15.029808   -26.757444    -1.1060085
    7.1364927  -20.744091     5.1091027    9.25773    -18.109346 ]",hungry
"[-281.39786     131.8959     -109.10563       0.33697936   26.981077
  -59.245716     -8.245823     18.68765     -27.08319      -4.0320363
    6.1812906   -18.010426      4.6523614     7.0197544   -14.49056   ]",hungry
"[-591.5933     157.51167     -8.974283   -20.644522    -5.403638
  -15.654419     2.4499729    1.3646585  -16.466122    -2.7531936
   -3.722938   -22.893852   -10.443121     2.1075883   -1.110279 ]",hungry
"[-252.92783    155.51036    -70.66542     -5.5390625   20.64643
  -38.20657      4.0686846   22.01501    -22.889416    -6.922791
    6.3079557  -18.436186    -7.6128464    2.9663103   -6.245692 ]",hungry
"[-350.91513    144.64836   -100.67524     -4.6974206   31.798298
  -42.52173     -0.7189894   17.139845   -30.370337    -5.5677824
   12.406348   -11.648889     6.940234    19.892117     3.4245505]",hungry
"[-282.81836    194.65749    -49.932262     4.3784957   31.481277
  -36.0471     -11.161546     8.0736065  -21.498653    -2.8316891
    5.2127194  -16.28825     -2.6401827    1.5426278  -12.646965 ]",hungry
"[-260.98508     183.62463     -54.398087    -13.388525     28.466848
  -28.310202    -19.987251      2.4074724   -13.894075     -2.58403
    2.4998283   -14.715209     -5.212447     -0.28496975  -11.297936  ]",hungry
"[-286.3968     192.954      -31.134912    -5.6107135   17.179874
  -32.00777    -10.209536     7.228761   -17.629667    -4.917806
    2.4458687  -15.1258      -4.732266     0.4467125  -11.452752 ]",hungry
"[-623.68445    167.08589    -66.299614   -26.492706     3.1907666
  -40.099174    -5.2168756   11.461706   -18.571743    -4.7441406
   -3.2953315  -22.233229    -2.4873166    1.2355893  -15.085384 ]",hungry
"[-284.18082     166.35786     -68.731316      0.71804553   27.203426
  -45.569817     -4.142376     25.170235    -26.316269    -17.74158
    5.958535    -16.557436    -12.816772     -1.3500942   -12.809131  ]",hungry
"[-262.84488    175.705      -84.05095    -13.766966    20.297997
  -47.56421     -0.6632817   25.071293   -30.655891   -15.624328
    9.499583   -17.871754   -10.04055      3.5236852  -15.755637 ]",hungry
"[-441.07874     50.267258    -5.78754     -3.7373538    1.1196328
   -6.0923157    6.1778092   10.949509    -4.1914306   -6.4227095
   -1.1510924   -4.626877    -2.875307     0.9021682   -4.2665977]",hungry
"[-487.35556     80.92437    -14.776767   -10.9384165    3.2792976
  -13.050632    -9.884782    -2.872945    -9.617896    -8.688318
   -9.270429   -13.635484    -6.4767284   -4.410439   -11.888756 ]",hungry
"[-313.60577    124.83438   -114.416214   -18.338789    20.680124
  -40.126244     4.5623965   15.115109   -24.296967     3.1018198
    3.0089662  -23.811634     4.202806    10.295359    -8.219265 ]",hungry
"[-5.0344574e+02  8.9169464e+01 -4.2785255e+01 -2.5322504e+01
  3.2816734e+00 -2.1066267e+01 -1.6182667e+01  2.3920045e+00
  1.3285917e-01  2.2209458e+00  1.0715526e+00 -6.7313609e+00
 -2.2030847e+00 -2.1396272e+00 -8.6497850e+00]",hungry
"[-4.1147784e+02  1.2302850e+02 -5.0756210e+01 -2.8341145e+01
 -3.1215060e+00 -2.9391167e+01 -7.4024124e+00  3.9499190e+00
 -1.1994133e+01  6.8349153e-01  5.5854645e-02 -1.5566115e+01
 -3.4976757e+00 -3.1498015e+00 -1.6596098e+01]",hungry
"[-489.93668    132.85188    -30.194674    -0.941842    12.909884
  -22.087122     2.1956525    5.73927    -21.283808    -3.8570194
    3.1544082  -14.557495    -3.9717937    1.211582    -9.552581 ]",hungry
"[-446.2661     157.91162    -46.95109     -4.9108      11.632856
  -36.782906    -3.7325397    6.355054   -25.093618    -2.5419872
    4.4808545  -21.046885    -6.37227      5.2444105   -7.120295 ]",hungry
"[-4.5108655e+02  1.7203682e+02 -4.0351738e+01 -3.8584991e+01
  6.6272478e+00 -1.9614752e+01 -1.7391321e+01  2.5699885e+00
 -1.2460895e+01 -1.6604301e+01 -4.9915061e+00 -9.4028521e+00
 -1.0987750e+01 -3.4974039e+00 -3.6082199e-01]",hungry
"[-475.59238    144.4219     -22.228302    -3.4187663   14.002302
  -19.917065    -5.3976984   -1.8813977  -23.04914     -4.2895665
    3.9654112  -15.481684    -6.8015265    1.392493    -9.827957 ]",hungry
"[-487.84338    128.05566    -14.435065   -15.2765875    3.9857585
  -16.650312   -12.651086    -5.466368   -11.104794     0.5988853
    2.461201   -12.395012    -8.009135    -1.8402865   -9.211826 ]",hungry
"[-6.67570557e+02  1.72657135e+02 -6.05156326e+01  9.94080353e+00
  3.66122551e+01 -3.04761829e+01  5.29563248e-01  1.25041895e+01
 -2.33488503e+01 -4.87161279e-01  5.18998146e+00 -1.87873878e+01
 -4.16496605e-01  2.64326859e+00 -1.44266596e+01]",hungry
"[-542.4304     136.83199    -32.852707     1.3672814   20.937687
  -21.15024     -1.2322892   10.344485   -14.315433    -3.1408205
    2.3926513  -13.715944    -2.6853127    2.7845042   -9.455643 ]",hungry
"[-397.2943       97.33092     -15.61398       3.8168511     2.003308
  -36.477047    -20.296324     -4.874339    -11.180411      1.3121809
   -1.7137431   -15.054742     -0.86048096    3.2235806    -7.8870683 ]",hungry
"[-466.88312     126.1244      -39.735775      1.9460591    17.18193
  -33.322903    -12.226835      5.987846    -12.122123      0.58926755
    1.8656323   -12.979558      3.132246      4.9254      -11.754491  ]",hungry
"[-440.65088    123.94599    -18.793068    -2.916603     4.26155
  -36.722874   -24.199099    -3.9114056   -8.960146    -1.013655
   -3.4980943  -12.80429      0.6725428    2.4071827   -7.017733 ]",hungry
"[-451.25967    137.86458    -59.736282    -2.0813997   15.111823
  -39.13628      2.3017936   20.694916   -17.4996      -3.183996
    3.2462857  -19.72779     -4.1839166    2.6786723  -13.232023 ]",hungry
"[-361.69388    114.11519    -89.13237    -16.902594    19.587755
  -27.621002    -2.055839     1.1722624  -20.56008      7.6989527
    3.434125   -16.93145      7.882788     3.8397617  -16.0638   ]",hungry
"[-363.61963     86.85774    -50.540554   -27.842188    10.932087
   -8.78165    -11.348206    -5.085679    -6.608278     4.9753222
    2.1685228  -13.828739    -9.031385    -5.297813   -11.634075 ]",hungry
"[-3.35887665e+02  9.75734100e+01 -6.17199020e+01 -3.24649544e+01
  1.33723755e+01 -8.52289867e+00 -7.99378586e+00 -5.45504987e-01
 -7.56562138e+00  1.72251761e+00 -2.56175160e-01 -1.47819872e+01
 -6.65317726e+00 -2.01782155e+00 -1.11025372e+01]",hungry
"[-250.25818     119.106514    -88.825294     -7.7993293    30.081549
  -21.222765      3.673499      0.96287477  -23.578894     14.159794
   10.408373    -24.532572     -3.082707      5.6236234    -8.578662  ]",hungry
"[-341.47644    138.27383    -50.50916    -12.03165     23.014523
  -19.024822    -3.3562768   14.711911    -9.037852    -4.688353
    1.9847759  -11.37772     -3.0477402    2.4786696   -8.360474 ]",hungry
"[-203.15886    169.20308    -74.58928    -27.51589      3.9774408
  -51.118404   -12.540318    18.216593   -17.295053   -10.215778
    1.7082379  -13.559939     1.9887582    8.863852   -10.941965 ]",hungry
"[-257.7523      155.3935      -61.590645    -20.19153      26.215267
  -22.628214    -12.964014     11.453869    -10.741377     -9.25526
    2.7243779    -5.931532     -0.90425694    3.5133605    -4.8226886 ]",hungry
"[-318.14468    149.96904    -13.577616     1.3339797   24.36302
  -13.14941     -7.5024037    7.7278533   -7.648522    -3.0784075
    4.500802    -8.533567    -7.798161    -2.6330853   -9.163181 ]",hungry
"[-3.4708011e+02  1.4978369e+02 -4.7019691e+01 -1.0890419e+01
  1.6004812e+01 -3.8848602e+01 -2.6596804e+01 -3.7661238e+00
 -2.3008795e+01 -1.5407575e+01 -6.4055047e+00 -1.8101576e+01
 -7.7851562e+00 -2.9178300e-01 -8.3801231e+00]",hungry
"[-317.54468     142.64043     -41.193607    -39.900932     -6.7138715
  -19.277529     -4.632639      3.1834035   -10.04764       0.89015913
    3.285458    -12.31509      -5.496523      1.5220705    -4.326443  ]",hungry
"[-4.1592374e+02  2.2989363e+02 -1.0014959e+02 -1.4782718e+01
  2.9361450e+01 -4.3341526e+01  1.4799953e+00  1.0646768e+01
 -3.6542122e+01 -5.3474503e+00  5.2959669e-02 -2.8387812e+01
 -4.3430910e+00 -3.5017495e+00 -2.2304810e+01]",hungry
"[-488.87726     151.86165       2.4230866    -9.973014     20.25303
   -1.1945133   -17.765377     -6.0999284    -0.65057445   -1.0776441
   -0.8760378    -4.264716     -4.389329     -3.6479166    -7.3130383 ]",hungry
"[-593.00726     67.31798     16.935143     6.6785593   12.757329
    7.563465     2.4978797    1.0975643   -2.0823627   -2.2873578
   -1.0890979   -3.42949     -4.67023     -3.80328     -4.340696 ]",hungry
"[-3.6160468e+02  1.5600117e+02 -2.6070293e+01 -3.2729523e+01
  1.0335925e+00 -2.4122435e+01 -2.2957243e+01  1.3827158e+00
 -6.2089376e+00 -1.1208517e+01 -5.7721131e-02 -4.9105053e+00
 -1.3234188e+01 -8.7393379e+00 -6.2445059e+00]",hungry
"[-345.48206    190.36618    -78.87063    -35.33258     26.169653
  -32.5504     -27.362204     7.767699   -11.815316   -10.955884
    3.9070086  -10.480182   -11.5725355   -3.0334797   -9.488409 ]",hungry
"[-544.8733     134.62097    -33.48522      7.462625    17.54662
  -23.891836     6.1389003    9.571968   -18.454786     2.2291684
    5.669386   -12.766977     1.97777      3.409045   -11.137901 ]",hungry
"[-376.98724    155.82375    -64.82901    -18.995897    13.835976
  -46.176174   -19.450396    22.25945     -4.0298533  -13.088891
   -5.7738285  -13.841642    -8.187433    -2.5856555   -2.0799487]",hungry
"[-319.993      184.56534    -45.544537    11.047301    30.986858
  -36.557636    -4.3893776   19.691124   -12.926669    -5.896024
   -5.0917583  -21.169317    -5.182479    -6.7096267  -20.331873 ]",hungry
"[-339.14902    153.12482    -16.162565     5.2877545   14.652981
  -29.81423     -9.032245     6.9662504  -15.992939    -8.251265
   -1.8350999  -14.690507    -5.0177627    0.9354024   -8.059116 ]",hungry
"[-361.69562    163.8146     -45.92887      0.7289722   26.85325
  -28.318523    -4.763323    14.303804   -14.265583    -5.4412904
    0.6234932  -15.611008    -5.939437    -4.1133895  -16.016773 ]",hungry
"[-322.48822    204.9772     -24.330372     9.14855     35.028606
  -22.670164    -9.358572     4.785104   -20.251093    -7.9554143
   -2.135769   -19.449429    -8.200718    -4.329469   -17.27697  ]",hungry
"[-259.71884    183.65987    -55.21752     -3.8016422   29.287169
  -32.42683    -10.592055    11.150006   -15.584279    -2.703046
    2.7445507  -19.928478   -12.0215845   -5.799751   -11.568793 ]",hungry
"[-3.8302405e+02  1.4009470e+02 -4.4114868e+01 -2.3157797e+01
  6.7625566e+00 -3.6567417e+01 -2.8931919e+01  1.4748901e+00
 -2.2196326e+00 -3.3972520e-02  2.5418499e-01 -1.0181538e+01
 -1.8601991e+00  2.9815748e+00 -6.2302628e+00]",hungry
"[-3.55442352e+02  1.24710594e+02 -5.27692528e+01 -3.41603050e+01
  4.57444143e+00 -2.29382801e+01 -1.72123203e+01 -1.69882679e+00
 -9.80257511e+00 -8.44767153e-01  1.71920620e-02 -1.59689522e+01
 -4.69671917e+00  6.06106329e+00 -6.26830530e+00]",hungry
"[-422.92175      73.16561     -22.817984    -13.339138      3.3958344
  -15.641322     -7.416388      8.238807     -2.9275954    -9.437259
   -6.533146     -9.116028     -5.8649077    -0.58531165   -2.2391942 ]",hungry
"[-323.10614    107.60209    -38.831306   -25.56136     -5.2429523
  -33.48037    -14.614308     9.044758    -6.4244576   -4.776411
    3.2698317  -10.601611   -10.952994    -1.9810653   -5.537121 ]",hungry
"[-429.66312    199.36188    -64.125626     8.53285     38.882957
  -35.587456    -5.1450224    8.482761   -30.131338    -8.026907
   -1.6883297  -25.503336    -6.4697533   -3.0743353  -18.983986 ]",hungry
"[-386.30835    176.01906    -38.392334     3.9652395   38.26689
  -18.395567    -9.173316     7.662635   -17.861551   -12.797366
   -6.3811274  -19.695517    -9.958179    -5.1913366  -15.248186 ]",hungry
"[-3.9420944e+02  1.7242188e+02 -3.9785419e+01  9.1897688e+00
  3.4163712e+01 -2.6014858e+01 -7.1460981e+00  5.2234735e+00
 -2.5638380e+01 -8.8161621e+00  1.1690232e+00 -1.9542345e+01
 -7.6216393e+00 -2.9251739e-01 -1.4889839e+01]",hungry
"[-3.8474823e+02  1.9216216e+02 -4.2324398e+01  2.0788348e+00
  3.2850742e+01 -2.1043053e+01 -3.1913272e-01  7.9657750e+00
 -2.5719786e+01 -9.3256836e+00 -3.6601728e-01 -1.9622690e+01
 -6.9979339e+00 -3.0613573e+00 -1.8688061e+01]",hungry
"[-2.4002370e+02  1.4972940e+02 -4.6965168e+01 -8.3830805e+00
  2.7729610e+01 -1.9745945e+01 -3.8432350e+00  1.6863794e+01
 -1.6288921e+01 -1.6238842e+01  1.5907699e-02 -1.4526196e+01
 -1.4119258e+01 -2.4848106e+00 -7.3714318e+00]",hungry
"[-2.9178653e+02  1.5935318e+02 -4.2636784e+01 -1.2408347e+01
  2.0115940e+01 -2.0003284e+01  1.5261933e-01  1.7177835e+01
 -1.3225623e+01 -1.0789668e+01 -1.4764253e+00 -1.5786062e+01
 -1.0240844e+01 -3.9591424e+00 -1.0821453e+01]",hungry
"[-223.23265     131.77498     -81.427124    -38.471603     -0.45756403
  -33.35984       4.486711     21.5503      -16.484068     -7.099747
    5.9564095   -11.686719     -3.1185749     3.6754873    -9.582761  ]",hungry
"[-351.62048    123.6657     -60.603394    -8.683616    13.108639
  -40.606243    -9.29919     14.272246   -18.220667    -8.726887
    4.6203766  -13.519477    -7.314848     1.7381396   -6.9949756]",hungry
"[-233.21153     172.65085     -65.120705     -8.28636      27.1117
  -31.881304    -10.414514      3.2118492   -23.100197     -0.25195643
    5.096768    -20.05073      -5.8556337    -1.9888494   -17.80048   ]",hungry
"[-295.9538     168.97823   -128.02307     -1.7247019   43.762203
  -52.34671      3.1515825   32.248165   -31.483282    -6.5421968
   19.624893   -13.748461    -1.8500576   13.246491    -3.0312028]",hungry
"[-4.9046561e+02  4.0973717e+01 -5.4308467e+00  4.4609623e+00
  1.0648985e+01 -1.4164029e+00  1.6367142e+00  1.8822891e+00
 -7.3627696e+00 -5.0297265e+00 -1.6236315e+00 -4.1069522e+00
 -1.2263305e+00 -9.9102274e-02 -3.2064831e+00]",hungry
"[-474.28378     79.52246     -3.509265     3.1069105    7.9640613
  -15.414812    -5.0269346    8.488822    -8.080452   -13.511249
   -3.5563874   -3.5790613   -4.167218    -1.1969874   -2.5485647]",hungry
"[-5.2179834e+02  9.5116615e+01 -1.3063873e+01 -1.7659401e+01
  6.1518139e-01 -1.5184077e+01 -1.6469515e+01 -3.4421256e+00
 -2.7690637e+00 -2.4965043e+00 -6.7202532e-01 -2.5915024e+00
 -8.5371304e-01 -2.9508570e-01 -3.0075586e+00]",hungry
"[-510.51462    125.421715   -38.37753    -24.843681     6.8040876
  -17.837687    -8.054411     5.1973705  -12.085792    -7.80572
    3.7416868   -3.8801098   -1.999864     2.2611609   -5.3510146]",hungry
"[-547.9579      98.88468    -16.649094   -16.570505     2.4326687
  -11.902425    -8.378716    -1.8159953   -7.651172    -0.5885168
    3.625952    -4.8552713   -2.938122     2.0254416   -1.3034581]",hungry
"[-316.18488    116.902855  -102.710846   -13.859682    31.184404
  -29.704693    -2.3505805   11.729421   -20.54595     -1.0200595
    4.3738503  -14.69253      4.8312297    5.7657     -13.4914875]",hungry
"[-383.24554    104.96892    -65.0163     -12.41562     11.528188
  -31.175743    -6.2376504    1.9084183  -20.316397     1.7426858
    3.0118642  -19.80489     -2.8296468    4.6341205   -9.4912815]",hungry
"[-304.54364    167.5174     -77.19868    -28.15433     24.115294
  -34.48318    -23.067585    10.021071   -12.733249   -12.825193
   -0.5499414  -11.316971    -7.8160954   -5.8125243  -15.788952 ]",hungry
"[-385.60623     173.93509     -55.573696      0.5525635    41.56682
  -22.663233     -9.518831     11.535472    -20.184107    -10.693803
    6.9596696    -7.4412036    -0.85777587    5.0776343    -7.8044195 ]",hungry
"[-340.3957      178.37834     -68.69034      -8.685968     37.0572
  -28.517836     -6.8749223    26.252457     -8.035162     -9.591067
    5.5525427    -5.3895936    -0.63574743    3.645341     -4.6813126 ]",hungry
"[-282.43152    135.62108    -77.06523      8.340769    21.440401
  -55.279877   -13.530322     6.91617    -25.720764    -4.7098203
   -3.0433102  -15.083035    16.533833    14.917334    -4.575082 ]",hungry
"[-348.22037    110.74213    -65.48981    -12.647335     4.8449497
  -37.828262     6.1877894   22.123993   -20.544847   -15.265037
   -6.6517344  -15.94677      4.5513525    7.519244   -12.835322 ]",hungry
"[-5.5921814e+02  1.7013174e+02 -8.6945518e+01 -1.0419534e+01
  2.7456972e+01 -3.2678814e+01  4.1656885e+00  1.2560903e+01
 -2.6883751e+01 -2.2059624e+00 -1.1280585e-01 -2.5814182e+01
 -3.2497861e+00 -3.2341287e+00 -2.4694426e+01]",hungry
"[-579.72034     152.48369     -37.859886      8.730246     28.693533
  -19.493706      9.288138     16.733717    -20.774904     -3.9225852
    8.90202     -11.351348     -4.0561824    -0.96719843  -12.772624  ]",hungry
"[-4.1608255e+02  1.6298506e+02 -9.7556816e+01  1.3377790e+01
  1.9953922e+01 -6.7124733e+01  1.3631108e+01  3.0648565e+01
 -4.4363007e+01 -1.3941212e+01  8.6075478e+00 -2.0209084e+01
 -1.5117846e-01  1.3487996e+00 -1.8248751e+01]",hungry
"[-334.531      149.9786     -66.59005     -7.492975    23.349083
  -32.49847      1.3343292   24.636852   -11.776927    -4.3125777
    4.9616036  -14.297183    -5.6954193    1.5057778   -9.397106 ]",hungry
"[-228.44484    159.93895    -77.06635     -5.287377    26.932297
  -52.038822   -29.920582    -0.5311307  -25.067333    -4.635227
    8.966344   -10.524458     1.2034442    3.8360457  -11.809752 ]",hungry
"[-445.94012    182.60745    -62.264294    13.41467     41.895794
  -32.95859     -1.34486     14.312784   -24.840275    -1.2700833
    5.9525604  -23.323486    -3.5943902    4.757565   -15.232466 ]",hungry
"[-371.2462      116.82573     -37.889435      5.9225583    17.624147
  -37.92992     -23.342854     -4.1668277   -15.50565      -5.3136883
   -8.720291    -18.194876     -0.81633013   -4.440124    -16.465834  ]",hungry
"[-212.35803    137.66364   -100.61892     -1.7903697   34.154526
  -43.3506      -0.8419031   24.481697   -21.589941    -5.8662286
    6.5944114  -14.742859     2.0527847    5.479892   -11.403549 ]",hungry
"[-4.0331696e+02  1.8070619e+02 -5.7021408e+01 -4.2611923e+00
  3.0223383e+01 -2.5594198e+01 -8.6874372e-01  1.1931894e+01
 -2.2901894e+01 -7.8609314e+00  2.4592757e-01 -2.0543699e+01
 -7.6446199e+00 -2.6829073e+00 -1.6137836e+01]",hungry
"[-470.1415     249.34337    -92.85694      5.3974867   45.925938
  -46.288406    -4.353639    11.202006   -34.72442     -3.808323
   -0.8132688  -31.036793    -4.899314    -4.406862   -22.445116 ]",hungry
"[-347.36484    162.66069    -67.4706      -3.516276    26.3033
  -29.65373      3.035046    10.59033    -27.426392    -5.444063
    1.5490898  -20.829386    -3.7634563   -0.901431   -16.210873 ]",hungry
"[-4.7944955e+02  1.9612706e+02 -6.6536552e+01  2.7694881e+00
  3.4094105e+01 -3.8657673e+01 -8.5945959e+00  9.2135143e+00
 -2.4863541e+01 -4.3156009e+00  2.7548358e-01 -2.2723991e+01
 -3.6735141e+00 -8.7623686e-01 -1.7519907e+01]",hungry
"[-422.8289     147.27228    -72.03437    -35.02301     11.496283
  -25.60245    -11.295364     4.851819   -14.463509    -5.3784456
   -1.191418   -14.97384     -4.3476496   -0.7456222   -8.787811 ]",hungry
"[-189.6579     158.80553    -94.9625     -28.732761     3.7943504
  -50.16011     -2.004723    15.399831   -23.445774     1.7640505
    7.2826233  -22.218042    -1.7089865    5.995317   -13.221759 ]",hungry
"[-477.39682    148.61891     20.722471    19.478798    14.202165
  -12.033293     8.126757    10.98777     -9.37938      1.6432163
    4.8724613   -7.707233     1.4895319    3.174251    -7.709362 ]",hungry
"[-4.6567194e+02  7.2036186e+01  1.2342281e+01  8.4813719e+00
  8.6453879e-01 -2.3795486e+01 -1.6722780e+01  2.7349990e-02
 -7.4914570e+00 -1.3389200e+01 -7.3134303e+00 -7.3262591e+00
 -9.3512688e+00 -5.5359368e+00 -1.0162392e+00]",hungry
"[-350.56088      96.28838      -7.250203    -15.554291     -4.8226266
  -19.944532    -17.75226      -5.7123704    -0.38546163    7.8571577
    6.241081     -1.2162672     2.246069     -3.9883528   -19.082142  ]",hungry
"[-266.48477    167.3497     -66.655365   -39.39315     11.699057
  -21.35816    -11.338288     4.2244344  -12.236277    -6.061965
   -4.9874964  -16.794611    -4.777619    -3.0903227  -15.296801 ]",hungry
"[-296.77432     149.01326     -41.465584     -3.2503588    18.36371
  -31.23774     -18.595217     -8.658397    -21.178272     -0.62514555
   -2.4431658   -19.48282      -1.0513756     1.4212958   -13.199128  ]",hungry
"[-285.90137    152.8691     -75.16283    -16.8476      19.379316
  -35.851856   -11.013578     6.0223694  -20.606369    -2.7646804
    2.7472231  -17.640676    -2.9000216    1.1472241  -14.54997  ]",hungry
"[-335.29193    125.555016   -73.2458     -19.827473    19.768648
  -31.610085    -9.916135    18.546087   -11.210532   -13.556589
   -1.1248425  -11.225446    -8.745592    -1.8346422   -1.5211426]",hungry
"[-360.86057    143.4336     -30.603737     7.2259164   23.12433
  -28.399937    -7.132169    10.728138   -14.099163    -3.543906
    1.9809923  -17.33324     -6.560565     0.7422291  -13.782115 ]",hungry
"[-586.6561     122.31962    -30.486792   -15.205884    21.768505
   -8.541606   -15.7871      -1.7919794  -10.1857605  -11.715507
   -5.4559617  -10.122441    -8.235322    -2.1901968   -4.139252 ]",hungry
"[-733.22723    107.08522      6.3259807   17.15516     24.018076
   -4.8960967    1.5168974    9.724649    -4.709354    -2.128875
    2.6438491   -5.157111    -1.8289733    0.7673709   -5.1330276]",hungry
"[-347.4857     138.56119    -93.14037     12.270498    32.387314
  -66.53127    -12.576107    32.934296   -22.679941   -16.347467
    6.221375   -16.552162    -7.740836     3.7185938   -6.70525  ]",hungry
"[-358.9257     148.36324    -60.784767     0.9002156   26.807611
  -36.538113   -13.979425     3.3352137  -20.701614    -3.2994475
   -1.8053371  -21.061953    -3.7808135   -3.104423   -18.833872 ]",hungry
"[-3.6599106e+02  1.2921463e+02 -5.6602547e+01 -3.5270827e+00
  2.1316710e+01 -3.6799709e+01 -1.9717789e+01 -7.2546147e-02
 -2.0165070e+01 -7.3387570e+00  1.3782327e-01 -1.1396412e+01
 -1.3810284e+00 -4.5458827e+00 -1.5745315e+01]",hungry
"[-304.10623    150.77321    -61.996082   -18.031425    10.987808
  -35.995266   -10.460588     2.4349637  -25.85947     -9.3431
   -1.5815871  -19.582684    -6.6105328   -2.0817168  -14.64761  ]",hungry
"[-362.27264    152.50877    -57.660973    -7.3298907   15.611042
  -38.870625   -11.54848      2.3061047  -25.52527     -7.4753547
   -4.3873086  -26.2674      -9.824825    -3.5832503  -17.451803 ]",hungry
"[-390.34775     60.451267   -42.31706    -14.5673895    2.6820683
  -20.716476    -8.304327    -1.151604   -10.430124     3.2026594
    6.603097    -4.148863     3.633142     4.511588    -7.0252113]",hungry
"[-339.75485     160.44794     -42.63258      -6.923705     18.221931
  -29.29843     -12.231332     -1.1945803   -22.750093     -5.755611
   -0.54211205  -17.398153     -3.643706      2.0293093    -8.427164  ]",hungry
"[-326.09973    140.16779    -76.89569    -21.750818    18.626444
  -36.740494   -13.606186    13.324775   -19.281301   -15.515778
    1.2566395  -12.0916815  -10.092004    -3.3191555   -6.539687 ]",hungry
"[-413.6936     105.33816    -17.316921     7.376485    18.773678
  -25.613228   -19.079027     0.8801817  -11.778903   -11.421953
   -4.79461    -11.177672    -8.247149    -3.625091    -6.3812556]",hungry
"[-357.75198    130.4059     -62.57478    -21.508257    13.031168
  -29.309464   -10.544553     5.060214   -20.859453    -9.391875
    2.2917638  -14.980793    -8.313482     2.3101227   -5.6894107]",hungry
"[-3.3621698e+02  1.4805539e+02 -6.0511597e+01 -9.2876759e+00
  1.7337893e+01 -4.2741684e+01 -2.2470356e+01  1.2717888e-01
 -1.9677809e+01 -3.9372492e+00  2.9016407e+00 -1.5323062e+01
 -5.3975253e+00  3.1808886e-01 -8.2586336e+00]",hungry
"[-315.12646     115.19306     -43.17674      -8.7839155    16.244658
  -25.064104    -15.226408      0.522012     -9.707821     -0.552003
   -3.8104787   -16.811068     -1.3115542     0.35615438  -13.455489  ]",hungry
"[-393.7998      97.28121    -34.526493   -10.397322     5.607975
  -31.302105   -14.612535     9.283448    -8.387305   -12.033736
   -4.2389803   -5.8372893    4.3904815   11.345842     4.026376 ]",hungry
"[-4.2834027e+02  1.5768941e+02 -7.9848473e+01 -1.6306372e+01
  2.1546421e+01 -3.8043770e+01 -1.3842211e+01  4.3148785e+00
 -1.9448336e+01 -4.0778953e-01  3.9924297e-01 -2.1599720e+01
 -5.1330686e+00 -3.8701601e+00 -1.9025707e+01]",hungry
"[-407.3928      189.19315     -58.046463    -39.516243      8.242626
  -17.89509       0.9546168    11.632285    -12.684369     -5.0829396
   -4.6080456   -18.60688      -0.68859464    3.1688523   -15.851379  ]",hungry
"[-263.38763     159.19577     -75.90105       9.769994     47.72659
  -36.58159     -12.612187     15.912905    -26.398733    -17.430466
    1.3356973   -17.843224     -8.889242     -0.47860238  -14.662854  ]",hungry
"[-230.49088    164.93034   -112.47268      1.4314262   36.305122
  -58.111835    -4.667502    24.751654   -34.20065    -11.422159
   10.139968   -20.210852    -5.356944     3.236393   -17.714949 ]",hungry
"[-364.42966    160.03894    -32.770576    10.215752    29.402742
  -27.976677    -1.0867952   22.456842   -12.230733    -5.262639
   11.116355    -6.8589935   -4.6574073    3.0405133   -8.953559 ]",hungry
"[-315.3613     122.01187    -56.10168    -18.688055     8.97885
  -22.58857      3.3129392    6.2737207  -27.090158   -10.086984
    1.8666518  -17.12884     -7.8771505    1.0857134   -8.623186 ]",hungry
"[-4.2134656e+02  1.4214989e+02 -1.5887893e+01 -1.0161563e-01
  1.3322735e+01 -2.1457706e+01 -4.1363630e+00  8.2496672e+00
 -1.3866193e+01 -1.1098868e+01 -1.0103592e+01 -2.4439768e+01
 -1.5445515e+01 -8.3444004e+00 -1.6093927e+01]",hungry
"[-2.9348605e+02  1.3346989e+02 -8.9324364e+01 -1.8667966e-01
  3.4015682e+01 -2.8738989e+01  5.5262246e+00  1.1791345e+01
 -2.4156343e+01  3.7957432e+00  2.0115623e+00 -2.8960115e+01
 -4.8756795e+00  1.4579524e+00 -1.6102394e+01]",hungry
"[-337.65033    123.38334    -21.146456   -40.585434   -28.452751
  -31.278048    -4.467335     6.6893253  -14.792238   -12.599675
   -1.2280288   -8.593909    -7.5766215   -2.3673484   -6.1793294]",hungry
"[-257.29684     141.82271     -44.77604     -51.76991     -30.235544
  -37.60238       0.88783056   13.556376    -21.874922    -14.389653
    7.072055     -7.8391466    -9.051784      5.9758573     3.8373084 ]",hungry
"[-402.85846    149.91083    -81.37098     -9.59131     24.48854
  -37.493324    -6.6274457   10.25638    -25.615215   -11.932661
   -3.0976818  -16.183975     2.3237312    5.6835256   -9.594187 ]",hungry
"[-4.41171967e+02  9.80587997e+01 -4.61380615e+01 -1.18054495e+01
  6.07859325e+00 -2.89407139e+01 -6.07500410e+00  9.12069988e+00
 -1.26440411e+01 -6.84275150e+00 -8.71493280e-01 -1.05784616e+01
 -3.28118467e+00  3.23330313e-01 -3.83687091e+00]",hungry
"[-330.20337    129.91531   -103.65098    -25.724102    27.992052
  -36.01363    -15.077556    19.388966    -2.2877645    2.5135686
    5.331889   -11.221662    -1.1976764   -1.3731555  -14.816392 ]",hungry
"[-361.96796    131.9107     -79.97395    -29.205776    18.421465
  -29.83517    -14.4001465   14.12652     -4.4146156   -2.4230297
    2.4449263   -9.831283    -3.0336833   -1.763973   -12.63194  ]",hungry
"[-379.74936    125.56218    -19.633467    -2.46353     17.719776
  -13.060686    -4.3259583    3.6677785  -13.328784    -3.179676
    6.03391     -6.936192    -4.0446095    2.4408615   -3.594697 ]",hungry
"[-348.0364     133.38231   -110.283325   -30.002623    14.546256
  -34.93368      9.668199    18.637318   -28.941587    -5.349592
    7.345614   -18.516094    -3.2097356    4.868376    -6.410285 ]",hungry
"[-275.04968    165.05893   -131.8183     -24.10257     35.173206
  -42.556217    -0.8556636   21.525461   -31.808348    -8.362613
   15.217531   -13.294425    -6.7444277    1.3484418   -7.318852 ]",hungry
"[-396.59714     94.78525   -103.04318     -7.793302    39.07087
  -30.842655    -8.303858    17.653877   -17.001354    -7.48981
    7.361603   -10.161712    -2.7672782    3.3894176   -7.1596756]",hungry
"[-4.8346759e+02  1.5682994e+02 -4.2114647e+01 -8.6545277e+00
  2.2604525e+01 -3.2467224e+01 -1.8955294e+01  1.2521418e+01
 -1.0721088e+01 -1.0326512e+01  5.0295687e+00 -1.0107477e+01
 -1.1295763e+01 -3.3828202e-01 -8.3045454e+00]",hungry
"[-4.7894177e+02  1.6599849e+02 -4.4303177e+01 -7.5994687e+00
  2.8458944e+01 -2.5065884e+01 -1.4332627e+01  9.3036690e+00
 -1.4541172e+01 -1.0638421e+01 -1.2743080e-01 -1.6418739e+01
 -1.0521839e+01  1.5595118e+00 -7.1852007e+00]",hungry
"[-352.0028     158.64989    -42.031715   -28.27001     -4.3780527
  -47.3769     -27.87201      6.636598    -7.202622   -11.278752
   -8.317551   -16.07591     -5.8681865    2.7080374   -3.9983566]",hungry
"[-394.5555      169.67056     -35.04988     -19.100815     -3.674581
  -54.68422     -30.25227       6.6512194    -8.233458     -6.807522
   -3.173349    -18.752062    -11.164268     -0.85974646   -7.940433  ]",hungry
"[-469.7961     152.92625    -71.20339    -21.853138    19.243422
  -28.320047   -13.870956    -5.1773906  -22.941868     4.7800827
    6.358066   -25.443647   -10.59387      5.000288    -8.97523  ]",hungry
"[-461.14444     127.05968     -38.62188     -22.861658      7.5655155
  -18.684692    -15.640193    -12.901794    -23.35713      -5.578906
   -0.81283057  -17.132622     -6.939218      3.25024      -7.6617885 ]",hungry
"[-342.2044     180.92886    -57.241352   -10.689986    25.776266
  -25.048403    -1.0720325   12.450783   -20.4174      -9.330512
   -6.467672   -27.620932   -10.856607    -0.6146316  -12.983996 ]",hungry
"[-4.60180817e+02  1.15739784e+02 -9.38601303e+01 -3.55863152e+01
  3.05838985e+01 -1.04675379e+01 -1.39533930e+01 -7.44693816e-01
 -1.12198315e+01  2.47845903e-01  4.84768057e+00 -7.74441242e+00
 -2.81476998e+00 -2.60021782e+00 -6.96711540e+00]",hungry
"[-253.14915    134.4119     -49.5622      -7.5930305   28.547401
  -17.55857     -7.1229715   12.212131    -8.077166    -5.782711
   -1.334691   -13.811749    -8.916871    -7.921436   -15.121459 ]",hungry
"[-256.02734    169.27599    -93.833954     7.6366115   47.638863
  -30.132288     7.8402114   20.434435   -24.641367     2.7229106
   10.295267   -22.329502    -6.2297277    0.7999221  -13.564009 ]",hungry
"[-408.53073    179.79164    -91.86728     -9.638838    28.7854
  -45.15699     -5.347145    17.652374   -25.234905    -5.1652203
    6.074312   -18.991287    -1.6826434    3.0617611  -15.945608 ]",hungry
"[-447.55533    178.1275    -110.8625     -14.697501    27.33936
  -51.248314    -2.1289926   21.274113   -28.767298    -1.6671343
   11.669682   -21.687326    -0.5779896    7.831316   -18.840702 ]",hungry
"[-3.2385583e+02  1.2374767e+02 -5.6442600e+01 -8.9298096e+00
  1.7461586e+01 -4.0187477e+01 -2.6120861e+01 -5.7262816e-02
 -1.7951712e+01 -9.8507986e+00  1.9292457e+00 -8.9675264e+00
 -3.6704481e+00  3.5004034e+00 -1.4806771e+00]",hungry
"[-362.25082     88.029366    -4.972446   -14.715215    -1.0516922
  -14.885664   -19.211124    -9.012256    -7.784339    -8.318882
   -5.174789    -4.9635835   -4.4624166   -2.3306737   -1.7505734]",hungry
"[-379.21017    147.79504    -46.769745    -1.5151489   15.202425
  -40.34587     -9.713275     9.550965   -25.25931    -15.179918
   -3.7911236  -20.355553    -9.256294    -3.4089153  -16.220875 ]",hungry
"[-4.0975882e+02  7.7743050e+01 -3.9005497e+01 -3.1398899e+01
 -3.5277615e+00 -1.8729425e+01 -1.3576672e+01  2.7413793e+00
 -3.5017345e+00 -4.6495233e+00 -3.3392251e-01 -7.8338156e+00
 -8.5076609e+00 -6.6479284e-01  6.9047862e-01]",hungry
"[-455.24548    128.05577    -32.49732     -3.7332957   14.6164465
  -31.101498   -13.156537    11.811188    -8.5850725   -6.529332
    2.3056633  -10.201926    -6.8026104   -2.1078126  -12.103433 ]",hungry
"[-390.7305     117.88483    -55.190845   -21.394642     7.001171
  -34.556824   -11.87033     18.091288    -4.124913    -5.9654555
    4.572842    -6.696057    -7.7458715   -3.8153782   -8.58451  ]",hungry
"[-339.05695    122.19357    -27.854034    -2.5713184    7.877457
  -38.703114   -19.426695     8.208852    -8.04475    -10.638217
   -8.802339   -14.095705    -2.3741393   -3.1983647  -16.310926 ]",hungry
"[-294.09387    141.16785    -39.99403     -3.0375783   13.081597
  -34.29588     -8.673105     7.2065935  -21.349993   -13.585518
   -5.323344   -15.720478    -5.6937013   -4.367365   -10.881595 ]",hungry
"[-245.32114    146.85966    -87.04781    -12.271175    24.398317
  -30.594849     7.5130734   14.628478   -30.956602    -5.762622
    8.048522   -18.727385    -4.5411606    1.3224603  -16.572706 ]",hungry
"[-390.93396    140.2111     -39.781387   -10.156271     7.7909417
  -36.113937    -9.149713     8.549918   -23.992096   -13.593497
    1.696971   -19.095161   -14.662881    -1.2718058  -11.284218 ]",hungry
"[-334.6585     144.56534    -66.08324     -2.6602123   27.047663
  -33.81312     -1.5714129   19.08461    -25.655949   -16.498556
    5.9617867  -10.522665    -8.74629     -2.2905958   -9.750668 ]",hungry
"[-375.65707     149.62303     -53.283825     -9.810872     22.713343
  -23.007238     -4.573887      4.406518    -23.384928     -3.842889
    6.9079394   -16.919434     -8.937756      0.66117877  -12.313661  ]",hungry
"[-324.42056    145.79297    -86.67104     -3.5986073   32.307663
  -37.745262    -6.511281    15.162838   -19.526636    -7.0858183
   -2.4899237  -18.48108     -1.7090924   -3.4277663  -14.707161 ]",hungry
"[-406.3001     183.39578    -71.47791    -17.293472    17.381754
  -34.637627     2.9068189   16.77138    -24.077866    -6.0713286
    5.195065   -17.07395     -5.1172132   -0.965898   -13.966949 ]",hungry
"[-308.76886     121.96699     -44.42019     -10.131441     10.168623
  -31.625372     -7.1326437    13.888466    -12.838343    -11.784703
   -4.0354342   -13.161011     -3.6825101     0.92660606   -9.084672  ]",hungry
"[-321.7077      152.22932     -48.64523     -31.884323      8.611598
  -13.550444      0.72087914    8.99736     -11.744433     -2.859319
    0.62151307  -16.551495     -7.1136255     1.7049958   -10.529972  ]",hungry
"[-363.1308     117.761      -33.28539     -7.3504972   20.939713
  -19.318699   -18.504667    -3.8848906  -18.188381   -10.619474
    2.6914878   -8.731891    -9.474488    -2.793285   -10.046589 ]",hungry
"[-404.8352     136.05795    -55.928955    -9.484982    18.4491
  -29.15852     -7.276493     7.57992    -16.692793    -2.4790852
    1.7277234  -18.432465    -7.1583824   -2.021248   -14.501176 ]",hungry
"[-359.61615    109.00911    -24.223698   -13.76081      6.192062
  -21.691053   -23.620962   -18.739122   -21.284943    -5.2098293
   -4.255882   -17.714588    -5.214662     3.9274466   -5.1240187]",hungry
"[-314.51706    122.037384   -34.688576    -8.197579     5.203184
  -37.406055   -24.777254   -11.196987   -19.941826    -6.70563
  -10.730195   -20.619846     1.7361549    2.4789312  -14.416811 ]",hungry
"[-327.49158    193.28902    -59.368732   -11.244185    25.842518
  -30.749159    -8.107398     8.594994   -20.317045    -6.061793
   -2.439135   -23.968575    -8.627055    -1.0049185  -13.742954 ]",hungry
"[-346.1311     196.29376    -48.43525     -7.001339    26.933533
  -29.039673   -10.160999     5.2556486  -23.478567   -10.350078
   -2.8905137  -20.795889    -8.621413    -2.4621773  -12.529782 ]",hungry
"[-2.9444785e+02  1.5935910e+02 -6.6814545e+01 -7.2446650e-01
  3.2398697e+01 -3.4629677e+01 -1.3244825e+01  9.6070480e+00
 -1.3892387e+01 -7.2362965e-01  1.2573263e-01 -1.9046749e+01
 -3.4090769e+00  3.6723444e-01 -1.0891358e+01]",hungry
"[-3.0566452e+02  1.7344130e+02 -8.3685402e+01  3.7459199e+00
  3.9989155e+01 -3.6873093e+01 -5.7693825e+00  1.2431431e+01
 -2.1770094e+01 -2.7555555e-01  9.4911444e-01 -2.3352905e+01
  7.5550187e-01  6.4267187e+00 -1.0140916e+01]",hungry
"[-353.84048    174.57248    -55.720844    -4.345812    28.167955
  -30.70094     -8.944266     8.301097   -21.280933    -7.222712
   -0.591443   -21.010803    -7.156127    -0.6970764  -15.706548 ]",hungry
"[-343.15445    150.28992    -69.00207    -19.91328     12.418822
  -38.16679     -7.3271      16.196114   -15.860374    -9.070485
   -1.639304   -20.229347   -11.577205    -5.8127317  -16.140045 ]",hungry
"[-324.11264    146.08498    -67.58316    -30.72968      1.6888083
  -38.926506    -9.604388    13.486294   -11.43052     -5.424469
   -2.584939   -20.156738   -10.628007    -3.2201786  -11.738301 ]",hungry
"[-287.74005    151.57867    -88.734085   -19.911587    18.399351
  -39.0093      -4.303699    16.126116   -18.013277    -5.549385
   -1.5207069  -19.374344    -2.5711293   -0.8924636  -14.995369 ]",hungry
"[-3.9355154e+02  6.7035973e+01 -3.0993271e+01 -1.6926432e+00
  6.0505543e+00 -2.5064148e+01 -6.3027043e+00  6.5183749e+00
 -1.0327528e+01 -4.4341612e+00 -8.5197099e-02 -1.0272141e+01
 -3.7695417e+00  1.9117084e+00 -1.0865086e+00]",hungry
"[-378.57797    106.972755   -25.109734   -20.241934    -1.8007056
  -23.187517    -8.757077     9.632323    -7.4308743  -13.644821
   -5.773133    -8.485334    -8.177902    -4.647086    -7.059736 ]",hungry
"[-246.90688    128.2751     -96.9035     -10.295466    31.41804
  -34.381977    -1.4670097   24.589434   -10.238183    -4.440967
   -1.6650498  -14.811265     4.8025365    6.581982    -6.97814  ]",hungry
"[-257.7675     142.05417    -87.575615   -15.462958    26.469694
  -30.08503     -4.2772813   12.098791   -14.385968    -0.579851
   -3.4903228  -19.760193     3.652102     5.436134    -9.340207 ]",hungry
"[-331.4609     160.58289    -42.88589     -8.059232    19.06992
  -33.770725   -15.450159     6.688848   -21.579458   -10.985415
   12.256014     1.3952622    2.1657662    4.947874   -12.531209 ]",hungry
"[-400.4763     107.54626     30.4605      14.3038025   12.24845
   -8.139979   -12.98597     -5.002774    -7.706954   -10.932352
   -8.03271     -6.6652493   -4.534629    -1.7397858   -2.8631206]",hungry
"[-387.75912    104.774994   -34.477436   -11.563667    20.97832
   -6.477925    -7.896537    -4.661883   -19.481117    -6.521768
    6.822962    -6.1943994   -5.3965344    2.7480142   -6.265455 ]",hungry
"[-357.2549      161.7752      -43.533195     -9.259852     19.245739
  -26.715982     -6.817504     10.132359    -16.04992      -7.648413
    0.81784606  -14.621973     -8.882687     -6.4037414   -17.879152  ]",hungry
"[-2.6571988e+02  1.4071448e+02 -4.8135433e+01  4.9504490e+00
  3.4872658e+01 -1.6121555e+01  8.6048707e-02  8.0660105e+00
 -1.9685259e+01 -4.4039612e+00 -3.0718306e-01 -2.2183966e+01
 -9.7751207e+00 -2.1571004e+00 -1.5427886e+01]",hungry
"[-302.17032    143.27669    -50.345627   -14.621991    17.210915
  -23.059723    -4.506103     8.163298   -18.954325    -9.24463
   -0.5307307  -17.963614   -11.990138    -5.322927   -13.735147 ]",hungry
"[-224.34479     148.45605     -94.460495      0.34002808   33.92208
  -34.09996       4.1955514    11.377502    -23.404335      8.530593
    4.845586    -24.868214      1.6654196     0.96464527  -18.668688  ]",hungry
"[-363.9993     105.85563    -50.544193   -47.947884   -14.607753
  -22.090534    -6.3852515    7.0598187   -5.9501934   -7.6705933
   -5.6412206   -7.7901244    2.3325398    7.166398     2.8686204]",hungry
"[-382.03497     89.74949    -47.10127    -27.248478     1.8482733
  -23.78822     -8.637307    14.756598    -5.673774   -13.221232
   -1.7186544   -7.2433915   -8.024359     2.2780724    2.3555431]",hungry
"[-379.6622       91.91141     -27.716908    -10.502863     10.898589
  -15.172541    -18.616621    -17.466932    -21.687363     -7.4617944
   -3.3290684    -8.370184      3.2134736     7.557307      0.41354147]",hungry
"[-392.1078      89.01514    -19.391869    -4.0929847    9.132693
  -19.87457    -18.720709   -16.115973   -28.187145   -17.149082
   -8.845779   -15.528335    -4.4786496    7.047816     2.2619421]",hungry
"[-348.6768     140.4727     -24.31543    -20.935055     2.0304425
  -29.34256    -28.073112   -12.255645   -15.847671    -9.1277485
   -5.586743   -13.194147    -9.195932    -8.867924   -14.258162 ]",hungry
"[-355.47992    180.81544    -55.928368   -19.887875    11.381804
  -40.999542   -24.33539     -5.3975086  -19.063364    -3.5605712
   -4.9906354  -19.179214    -2.6468346   -6.268084   -20.215734 ]",hungry
"[-317.19812     157.81355     -59.86701     -21.139166     11.869881
  -36.63086     -19.744057     -0.72301984  -16.70379      -2.8453317
   -2.124439    -20.971573     -9.390365     -4.7511177   -12.726464  ]",hungry
"[-365.0868     164.24501    -48.77935    -13.859286    15.110258
  -37.496895   -24.656628    -3.8230712  -16.976181    -5.691521
   -7.247326   -22.777796    -7.451847    -6.040999   -18.766727 ]",hungry
"[-303.021      150.06015    -52.98127    -17.197605     3.781608
  -44.470104   -14.49518     11.709329   -11.100335    -3.0456312
    2.6628711  -13.595175    -6.3872538    0.5108714   -2.7813523]",hungry
"[-286.34485     167.40237    -108.280846    -16.926796     23.45805
  -52.48852     -12.097322      9.630482    -28.177925      0.46752423
   10.4621725   -20.050508     -4.4807034     5.2005277    -2.432604  ]",tired
"[-465.6116      92.48884    -55.41244    -21.348442     7.4332123
  -27.712679   -15.13966      3.9298782   -9.389446    -3.6082916
    1.5230962  -11.170464    -6.1358013    1.9503419   -2.9796095]",tired
"[-533.6597     179.17615    -76.12666    -19.429266    25.932182
  -36.10776    -12.8282585   16.100931   -14.323483    -7.2406564
    2.8582287  -15.73758     -6.1619816    3.2267632   -4.8261905]",tired
"[-436.26205    127.12301    -39.83159     -5.720746    21.6127
  -21.283777    -9.827358     6.232161   -14.558554    -9.414278
   -3.2564783  -18.80487    -13.411589    -3.1216998   -6.853452 ]",tired
"[-381.11734    180.04836    -85.44249      2.491761    30.82658
  -40.6          6.8484025   18.403593   -23.991932     6.9953485
    6.4676604  -27.44669     -0.9950328    3.8883207  -19.400463 ]",tired
"[-419.99188    105.610344   -10.740171   -10.283563     1.5920988
  -14.710582    -3.5414448    3.4081461  -10.692015   -10.810895
  -10.372649   -16.878305   -11.448807    -8.655626   -12.627223 ]",tired
"[-389.15744    178.4733     -43.698124   -22.149906    14.020679
  -26.487576   -17.322193    -5.106959   -23.281631    -9.445995
   -1.6067468  -16.492785    -6.2967305   -1.5521847  -15.294373 ]",tired
"[-3.6809616e+02  1.2225256e+02 -6.4510315e+01 -1.0419631e+00
  2.3774120e+01 -3.0164871e+01 -1.9612089e+00  1.1083627e+01
 -2.1137714e+01 -9.5132093e+00 -4.0261378e+00 -1.6500925e+01
 -7.1120203e-01  1.7019562e-01 -1.0464077e+01]",tired
"[-357.6719     146.72899    -75.34399     -4.3560495   24.347713
  -39.2716      -7.8610435    6.847367   -27.70079     -7.092536
    1.1866571  -17.75184      2.4529924    6.9594994  -10.321213 ]",tired
"[-3.4202777e+02  1.4173976e+02 -6.0807823e+01 -2.4191434e+00
  1.8199274e+01 -3.8537094e+01 -9.9460506e+00 -3.1078082e-01
 -2.9078539e+01 -4.6088643e+00  2.5684217e-01 -2.1600597e+01
 -2.3233223e+00  2.5541832e+00 -1.2584600e+01]",tired
"[-337.97623    156.09096    -62.872276    -4.856278    31.676027
  -31.482746   -14.048246    10.708482   -16.829596   -10.951681
   -1.0753244  -14.908243    -8.321115    -5.58624    -13.638871 ]",tired
"[-321.73697    158.77771    -81.26925     -2.2570121   36.33546
  -38.162186    -9.154292    19.632565   -18.041382    -9.997642
    1.3192812  -18.902937   -10.093018    -2.4274201  -10.177675 ]",tired
"[-237.94887    175.54001    -22.235935   -12.74388     -1.3717039
  -41.48453    -21.698645    -7.6507044  -22.522585    -6.087506
   -3.7842932  -19.640331    -3.7599812    2.0831554  -12.304173 ]",tired
"[-3.2796570e+02  1.7571202e+02 -6.1743313e+01 -1.5145192e+01
  1.2402145e+01 -3.7343182e+01 -6.2909479e+00  1.3266426e-01
 -3.4912155e+01 -1.0485913e+01 -1.7935609e+00 -2.6060764e+01
 -9.5290365e+00  6.6695563e-02 -1.3563092e+01]",tired
"[-336.4479      190.01279     -79.0186      -21.840656     12.504532
  -41.943768     -3.8647828     6.9500628   -30.856073     -5.924254
    0.65214723  -25.983532     -8.197985     -0.64761686  -13.629257  ]",tired
"[-481.05014    158.49435    -17.768682    12.018711    19.702278
  -38.116745   -23.107891    -6.2758074  -27.467508   -17.177439
   -9.675977   -20.301035    -8.174114    -3.578988   -10.103347 ]",tired
"[-402.21783     86.37753    -26.797804   -10.574663     5.982279
  -28.79304    -22.625465     5.38751     -2.018393   -13.428913
   -9.267253    -4.630207     0.6201437    3.8338377    5.32644  ]",tired
"[-351.70438     161.53825     -45.69802       8.19686      28.921911
  -34.185673      0.3753559    26.481031    -15.81153      -7.3122487
   15.237321     -4.324385     -6.624935      0.92293006   -8.02817   ]",tired
"[-518.7105     121.37422    -57.92902     -2.011768    29.026224
  -29.827227   -17.168406     4.737356   -17.365133    -7.9422374
    2.6510665  -13.056513    -7.1063824   -0.715505   -10.193088 ]",tired
"[-549.80896     87.621      -52.848526    -4.8590755   28.33648
  -17.738262   -12.495114     6.2385306  -11.197371    -5.7013183
    3.683592   -11.450655    -7.0487156    4.4991536   -5.402945 ]",tired
"[-382.6923      63.694927   -67.26829    -28.363962     4.2817206
  -21.530396    -2.4298506   15.15054     -4.196824    -2.4806411
    2.422461    -9.671779    -4.8049755    2.316418    -2.162425 ]",tired
"[-3.30265533e+02  1.00000862e+02 -1.00228058e+02 -4.09448013e+01
  6.02901220e+00 -2.47487087e+01  1.21846187e+00  7.05423832e+00
 -1.48430271e+01  7.61699390e+00  5.70127487e+00 -1.74364281e+01
  2.73277998e-01  3.06416583e+00 -1.31335335e+01]",tired
"[-335.74445    148.46028   -110.95756     -9.83578     20.750914
  -59.52637     -2.249499    26.060947   -29.037586    -8.83244
   12.159773   -12.433869    -2.9129865   -0.598551   -13.805822 ]",tired
"[-647.6877     177.7121     -41.123093    20.918495    42.444405
  -20.4003       8.349599    15.6655     -19.351795     5.882859
   10.198547   -17.619516     1.1376655    6.18858    -13.786633 ]",tired
